0,0,src/java/org/apache/cassandra/scheduler/IRequestScheduler.java,0.000202,0.005714,0.005714,0.000202,0.005197,0.005197,0.000082,0.005837,0.005837,0.000082,0.005296,0.005296
0,0,src/java/org/apache/cassandra/config/RequestSchedulerOptions.java,0.000202,0.005714,0.005714,0.000202,0.005197,0.005197,0.000082,0.005837,0.005837,0.000082,0.005296,0.005296
0,0,src/java/org/apache/cassandra/utils/Pair.java,0.000202,0.005714,0.005714,0.000202,0.005197,0.005197,0.000082,0.005837,0.005837,0.000082,0.005296,0.005296
0,1,src/java/org/apache/cassandra/io/util/OutputBuffer.java,0.000337,0.009524,0.009524,0.000337,0.008268,0.008268,0.000137,0.009728,0.009728,0.000137,0.008416,0.008416
0,1,src/java/org/apache/cassandra/net/CompactEndpointSerializationHelper.java,0.000337,0.009524,0.009524,0.000337,0.008268,0.008268,0.000137,0.009728,0.009728,0.000137,0.008416,0.008416
0,1,src/java/org/apache/cassandra/io/util/DataOutputBuffer.java,0.000337,0.009524,0.009524,0.000337,0.008268,0.008268,0.000137,0.009728,0.009728,0.000137,0.008416,0.008416
0,1,src/java/org/apache/cassandra/io/ICompactSerializer.java,0.000337,0.009524,0.009524,0.000337,0.008268,0.008268,0.000137,0.009728,0.009728,0.000137,0.008416,0.008416
0,1,src/java/org/apache/cassandra/gms/GossipDigest.java,0.000337,0.009524,0.009524,0.000337,0.008268,0.008268,0.000137,0.009728,0.009728,0.000137,0.008416,0.008416
0,2,src/java/org/apache/cassandra/io/util/FileUtils.java,0.000064,0.001905,0.001905,0.000064,0.001800,0.001800,0.000023,0.001946,0.001946,0.000023,0.001836,0.001836
0,3,src/java/org/apache/cassandra/utils/EstimatedHistogram.java,0.000135,0.003810,0.003810,0.000135,0.003682,0.003682,0.000055,0.003891,0.003891,0.000055,0.003758,0.003758
0,3,src/java/org/apache/cassandra/io/ICompactSerializer2.java,0.000135,0.003810,0.003810,0.000135,0.003682,0.003682,0.000055,0.003891,0.003891,0.000055,0.003758,0.003758
0,4,src/java/org/apache/cassandra/concurrent/NamedThreadFactory.java,0.000202,0.005714,0.005714,0.000202,0.005388,0.005388,0.000082,0.005837,0.005837,0.000082,0.005496,0.005496
0,4,src/java/org/apache/cassandra/utils/WrappedRunnable.java,0.000202,0.005714,0.005714,0.000202,0.005388,0.005388,0.000082,0.005837,0.005837,0.000082,0.005496,0.005496
0,4,src/java/org/apache/cassandra/concurrent/DebuggableThreadPoolExecutor.java,0.000202,0.005714,0.005714,0.000202,0.005388,0.005388,0.000082,0.005837,0.005837,0.000082,0.005496,0.005496
0,5,src/java/org/apache/cassandra/cache/InstrumentedCache.java,0.000067,0.001905,0.001905,0.000067,0.001875,0.001875,0.000027,0.001946,0.001946,0.000027,0.001914,0.001914
0,6,src/java/org/apache/cassandra/utils/BoundedStatsDeque.java,0.000135,0.003810,0.003810,0.000135,0.003787,0.003787,0.000055,0.003891,0.003891,0.000055,0.003868,0.003868
0,6,src/java/org/apache/cassandra/utils/AbstractStatsDeque.java,0.000135,0.003810,0.003810,0.000135,0.003787,0.003787,0.000055,0.003891,0.003891,0.000055,0.003868,0.003868
1,0,src/java/org/apache/cassandra/utils/obs/OpenBitSet.java,0.048143,0.552381,0.156797,0.013666,0.121625,0.034524,0.021805,0.564202,0.160153,0.006189,0.100848,0.028626
1,0,src/java/org/apache/cassandra/utils/obs/BitUtil.java,0.048143,0.552381,0.156797,0.013666,0.121625,0.034524,0.021805,0.564202,0.160153,0.006189,0.100848,0.028626
1,0,src/java/org/apache/cassandra/utils/obs/ArrayUtil.java,0.048143,0.552381,0.156797,0.013666,0.121625,0.034524,0.021805,0.564202,0.160153,0.006189,0.100848,0.028626
1,0,src/java/org/apache/cassandra/utils/UUIDGen.java,0.048143,0.552381,0.156797,0.013666,0.121625,0.034524,0.021805,0.564202,0.160153,0.006189,0.100848,0.028626
1,0,src/java/org/apache/cassandra/utils/StatusLogger.java,0.048143,0.552381,0.156797,0.013666,0.121625,0.034524,0.021805,0.564202,0.160153,0.006189,0.100848,0.028626
1,0,src/java/org/apache/cassandra/utils/SkipNullRepresenter.java,0.048143,0.552381,0.156797,0.013666,0.121625,0.034524,0.021805,0.564202,0.160153,0.006189,0.100848,0.028626
1,0,src/java/org/apache/cassandra/utils/SimpleCondition.java,0.048143,0.552381,0.156797,0.013666,0.121625,0.034524,0.021805,0.564202,0.160153,0.006189,0.100848,0.028626
1,0,src/java/org/apache/cassandra/utils/ResourceWatcher.java,0.048143,0.552381,0.156797,0.013666,0.121625,0.034524,0.021805,0.564202,0.160153,0.006189,0.100848,0.028626
1,0,src/java/org/apache/cassandra/utils/ReducingIterator.java,0.048143,0.552381,0.156797,0.013666,0.121625,0.034524,0.021805,0.564202,0.160153,0.006189,0.100848,0.028626
1,0,src/java/org/apache/cassandra/utils/MurmurHash.java,0.048143,0.552381,0.156797,0.013666,0.121625,0.034524,0.021805,0.564202,0.160153,0.006189,0.100848,0.028626
1,0,src/java/org/apache/cassandra/utils/MerkleTree.java,0.048143,0.552381,0.156797,0.013666,0.121625,0.034524,0.021805,0.564202,0.160153,0.006189,0.100848,0.028626
1,0,src/java/org/apache/cassandra/utils/LegacyBloomFilterSerializer.java,0.048143,0.552381,0.156797,0.013666,0.121625,0.034524,0.021805,0.564202,0.160153,0.006189,0.100848,0.028626
1,0,src/java/org/apache/cassandra/utils/LegacyBloomFilter.java,0.048143,0.552381,0.156797,0.013666,0.121625,0.034524,0.021805,0.564202,0.160153,0.006189,0.100848,0.028626
1,0,src/java/org/apache/cassandra/utils/LatencyTracker.java,0.048143,0.552381,0.156797,0.013666,0.121625,0.034524,0.021805,0.564202,0.160153,0.006189,0.100848,0.028626
1,0,src/java/org/apache/cassandra/utils/GuidGenerator.java,0.048143,0.552381,0.156797,0.013666,0.121625,0.034524,0.021805,0.564202,0.160153,0.006189,0.100848,0.028626
1,0,src/java/org/apache/cassandra/utils/Filter.java,0.048143,0.552381,0.156797,0.013666,0.121625,0.034524,0.021805,0.564202,0.160153,0.006189,0.100848,0.028626
1,0,src/java/org/apache/cassandra/utils/FBUtilities.java,0.048143,0.552381,0.156797,0.013666,0.121625,0.034524,0.021805,0.564202,0.160153,0.006189,0.100848,0.028626
1,0,src/java/org/apache/cassandra/utils/ExpiringMap.java,0.048143,0.552381,0.156797,0.013666,0.121625,0.034524,0.021805,0.564202,0.160153,0.006189,0.100848,0.028626
1,0,src/java/org/apache/cassandra/utils/DefaultInteger.java,0.048143,0.552381,0.156797,0.013666,0.121625,0.034524,0.021805,0.564202,0.160153,0.006189,0.100848,0.028626
1,0,src/java/org/apache/cassandra/utils/DefaultDouble.java,0.048143,0.552381,0.156797,0.013666,0.121625,0.034524,0.021805,0.564202,0.160153,0.006189,0.100848,0.028626
1,0,src/java/org/apache/cassandra/utils/CLibrary.java,0.048143,0.552381,0.156797,0.013666,0.121625,0.034524,0.021805,0.564202,0.160153,0.006189,0.100848,0.028626
1,0,src/java/org/apache/cassandra/utils/ByteBufferUtil.java,0.048143,0.552381,0.156797,0.013666,0.121625,0.034524,0.021805,0.564202,0.160153,0.006189,0.100848,0.028626
1,0,src/java/org/apache/cassandra/utils/BloomFilterSerializer.java,0.048143,0.552381,0.156797,0.013666,0.121625,0.034524,0.021805,0.564202,0.160153,0.006189,0.100848,0.028626
1,0,src/java/org/apache/cassandra/utils/BloomFilter.java,0.048143,0.552381,0.156797,0.013666,0.121625,0.034524,0.021805,0.564202,0.160153,0.006189,0.100848,0.028626
1,0,src/java/org/apache/cassandra/utils/BloomCalculations.java,0.048143,0.552381,0.156797,0.013666,0.121625,0.034524,0.021805,0.564202,0.160153,0.006189,0.100848,0.028626
1,0,src/java/org/apache/cassandra/thrift/TBinaryProtocol.java,0.048143,0.552381,0.156797,0.013666,0.121625,0.034524,0.021805,0.564202,0.160153,0.006189,0.100848,0.028626
1,0,src/java/org/apache/cassandra/streaming/StreamingServiceMBean.java,0.048143,0.552381,0.156797,0.013666,0.121625,0.034524,0.021805,0.564202,0.160153,0.006189,0.100848,0.028626
1,0,src/java/org/apache/cassandra/streaming/StreamingService.java,0.048143,0.552381,0.156797,0.013666,0.121625,0.034524,0.021805,0.564202,0.160153,0.006189,0.100848,0.028626
1,0,src/java/org/apache/cassandra/streaming/StreamRequestVerbHandler.java,0.048143,0.552381,0.156797,0.013666,0.121625,0.034524,0.021805,0.564202,0.160153,0.006189,0.100848,0.028626
1,0,src/java/org/apache/cassandra/streaming/StreamRequestMessage.java,0.048143,0.552381,0.156797,0.013666,0.121625,0.034524,0.021805,0.564202,0.160153,0.006189,0.100848,0.028626
1,0,src/java/org/apache/cassandra/streaming/StreamReplyVerbHandler.java,0.048143,0.552381,0.156797,0.013666,0.121625,0.034524,0.021805,0.564202,0.160153,0.006189,0.100848,0.028626
1,0,src/java/org/apache/cassandra/streaming/StreamReply.java,0.048143,0.552381,0.156797,0.013666,0.121625,0.034524,0.021805,0.564202,0.160153,0.006189,0.100848,0.028626
1,0,src/java/org/apache/cassandra/streaming/StreamOutSession.java,0.048143,0.552381,0.156797,0.013666,0.121625,0.034524,0.021805,0.564202,0.160153,0.006189,0.100848,0.028626
1,0,src/java/org/apache/cassandra/streaming/StreamOut.java,0.048143,0.552381,0.156797,0.013666,0.121625,0.034524,0.021805,0.564202,0.160153,0.006189,0.100848,0.028626
1,0,src/java/org/apache/cassandra/streaming/StreamInSession.java,0.048143,0.552381,0.156797,0.013666,0.121625,0.034524,0.021805,0.564202,0.160153,0.006189,0.100848,0.028626
1,0,src/java/org/apache/cassandra/streaming/StreamIn.java,0.048143,0.552381,0.156797,0.013666,0.121625,0.034524,0.021805,0.564202,0.160153,0.006189,0.100848,0.028626
1,0,src/java/org/apache/cassandra/streaming/StreamHeader.java,0.048143,0.552381,0.156797,0.013666,0.121625,0.034524,0.021805,0.564202,0.160153,0.006189,0.100848,0.028626
1,0,src/java/org/apache/cassandra/streaming/ReplicationFinishedVerbHandler.java,0.048143,0.552381,0.156797,0.013666,0.121625,0.034524,0.021805,0.564202,0.160153,0.006189,0.100848,0.028626
1,0,src/java/org/apache/cassandra/streaming/PendingFile.java,0.048143,0.552381,0.156797,0.013666,0.121625,0.034524,0.021805,0.564202,0.160153,0.006189,0.100848,0.028626
1,0,src/java/org/apache/cassandra/streaming/IncomingStreamReader.java,0.048143,0.552381,0.156797,0.013666,0.121625,0.034524,0.021805,0.564202,0.160153,0.006189,0.100848,0.028626
1,0,src/java/org/apache/cassandra/streaming/FileStreamTask.java,0.048143,0.552381,0.156797,0.013666,0.121625,0.034524,0.021805,0.564202,0.160153,0.006189,0.100848,0.028626
1,0,src/java/org/apache/cassandra/service/WriteResponseHandler.java,0.048143,0.552381,0.156797,0.013666,0.121625,0.034524,0.021805,0.564202,0.160153,0.006189,0.100848,0.028626
1,0,src/java/org/apache/cassandra/service/TruncateResponseHandler.java,0.048143,0.552381,0.156797,0.013666,0.121625,0.034524,0.021805,0.564202,0.160153,0.006189,0.100848,0.028626
1,0,src/java/org/apache/cassandra/service/StorageServiceMBean.java,0.048143,0.552381,0.156797,0.013666,0.121625,0.034524,0.021805,0.564202,0.160153,0.006189,0.100848,0.028626
1,0,src/java/org/apache/cassandra/service/StorageService.java,0.048143,0.552381,0.156797,0.013666,0.121625,0.034524,0.021805,0.564202,0.160153,0.006189,0.100848,0.028626
1,0,src/java/org/apache/cassandra/service/StorageProxyMBean.java,0.048143,0.552381,0.156797,0.013666,0.121625,0.034524,0.021805,0.564202,0.160153,0.006189,0.100848,0.028626
1,0,src/java/org/apache/cassandra/service/StorageProxy.java,0.048143,0.552381,0.156797,0.013666,0.121625,0.034524,0.021805,0.564202,0.160153,0.006189,0.100848,0.028626
1,0,src/java/org/apache/cassandra/service/StorageLoadBalancer.java,0.048143,0.552381,0.156797,0.013666,0.121625,0.034524,0.021805,0.564202,0.160153,0.006189,0.100848,0.028626
1,0,src/java/org/apache/cassandra/service/RowRepairResolver.java,0.048143,0.552381,0.156797,0.013666,0.121625,0.034524,0.021805,0.564202,0.160153,0.006189,0.100848,0.028626
1,0,src/java/org/apache/cassandra/service/RowDigestResolver.java,0.048143,0.552381,0.156797,0.013666,0.121625,0.034524,0.021805,0.564202,0.160153,0.006189,0.100848,0.028626
1,0,src/java/org/apache/cassandra/service/RepairCallback.java,0.048143,0.552381,0.156797,0.013666,0.121625,0.034524,0.021805,0.564202,0.160153,0.006189,0.100848,0.028626
1,0,src/java/org/apache/cassandra/service/ReadCallback.java,0.048143,0.552381,0.156797,0.013666,0.121625,0.034524,0.021805,0.564202,0.160153,0.006189,0.100848,0.028626
1,0,src/java/org/apache/cassandra/service/RangeSliceVerbHandler.java,0.048143,0.552381,0.156797,0.013666,0.121625,0.034524,0.021805,0.564202,0.160153,0.006189,0.100848,0.028626
1,0,src/java/org/apache/cassandra/service/RangeSliceResponseResolver.java,0.048143,0.552381,0.156797,0.013666,0.121625,0.034524,0.021805,0.564202,0.160153,0.006189,0.100848,0.028626
1,0,src/java/org/apache/cassandra/service/MigrationManager.java,0.048143,0.552381,0.156797,0.013666,0.121625,0.034524,0.021805,0.564202,0.160153,0.006189,0.100848,0.028626
1,0,src/java/org/apache/cassandra/service/IndexScanVerbHandler.java,0.048143,0.552381,0.156797,0.013666,0.121625,0.034524,0.021805,0.564202,0.160153,0.006189,0.100848,0.028626
1,0,src/java/org/apache/cassandra/service/IWriteResponseHandler.java,0.048143,0.552381,0.156797,0.013666,0.121625,0.034524,0.021805,0.564202,0.160153,0.006189,0.100848,0.028626
1,0,src/java/org/apache/cassandra/service/IResponseResolver.java,0.048143,0.552381,0.156797,0.013666,0.121625,0.034524,0.021805,0.564202,0.160153,0.006189,0.100848,0.028626
1,0,src/java/org/apache/cassandra/service/IReadCommand.java,0.048143,0.552381,0.156797,0.013666,0.121625,0.034524,0.021805,0.564202,0.160153,0.006189,0.100848,0.028626
1,0,src/java/org/apache/cassandra/service/GCInspector.java,0.048143,0.552381,0.156797,0.013666,0.121625,0.034524,0.021805,0.564202,0.160153,0.006189,0.100848,0.028626
1,0,src/java/org/apache/cassandra/service/DigestMismatchException.java,0.048143,0.552381,0.156797,0.013666,0.121625,0.034524,0.021805,0.564202,0.160153,0.006189,0.100848,0.028626
1,0,src/java/org/apache/cassandra/service/DatacenterWriteResponseHandler.java,0.048143,0.552381,0.156797,0.013666,0.121625,0.034524,0.021805,0.564202,0.160153,0.006189,0.100848,0.028626
1,0,src/java/org/apache/cassandra/service/DatacenterSyncWriteResponseHandler.java,0.048143,0.552381,0.156797,0.013666,0.121625,0.034524,0.021805,0.564202,0.160153,0.006189,0.100848,0.028626
1,0,src/java/org/apache/cassandra/service/DatacenterReadCallback.java,0.048143,0.552381,0.156797,0.013666,0.121625,0.034524,0.021805,0.564202,0.160153,0.006189,0.100848,0.028626
1,0,src/java/org/apache/cassandra/service/CassandraDaemon.java,0.048143,0.552381,0.156797,0.013666,0.121625,0.034524,0.021805,0.564202,0.160153,0.006189,0.100848,0.028626
1,0,src/java/org/apache/cassandra/service/AsyncRepairCallback.java,0.048143,0.552381,0.156797,0.013666,0.121625,0.034524,0.021805,0.564202,0.160153,0.006189,0.100848,0.028626
1,0,src/java/org/apache/cassandra/service/AntiEntropyService.java,0.048143,0.552381,0.156797,0.013666,0.121625,0.034524,0.021805,0.564202,0.160153,0.006189,0.100848,0.028626
1,0,src/java/org/apache/cassandra/service/AbstractWriteResponseHandler.java,0.048143,0.552381,0.156797,0.013666,0.121625,0.034524,0.021805,0.564202,0.160153,0.006189,0.100848,0.028626
1,0,src/java/org/apache/cassandra/service/AbstractRowResolver.java,0.048143,0.552381,0.156797,0.013666,0.121625,0.034524,0.021805,0.564202,0.160153,0.006189,0.100848,0.028626
1,0,src/java/org/apache/cassandra/scheduler/NoScheduler.java,0.048143,0.552381,0.156797,0.013666,0.121625,0.034524,0.021805,0.564202,0.160153,0.006189,0.100848,0.028626
1,0,src/java/org/apache/cassandra/net/sink/SinkManager.java,0.048143,0.552381,0.156797,0.013666,0.121625,0.034524,0.021805,0.564202,0.160153,0.006189,0.100848,0.028626
1,0,src/java/org/apache/cassandra/net/sink/IMessageSink.java,0.048143,0.552381,0.156797,0.013666,0.121625,0.034524,0.021805,0.564202,0.160153,0.006189,0.100848,0.028626
1,0,src/java/org/apache/cassandra/net/io/SerializerType.java,0.048143,0.552381,0.156797,0.013666,0.121625,0.034524,0.021805,0.564202,0.160153,0.006189,0.100848,0.028626
1,0,src/java/org/apache/cassandra/net/ResponseVerbHandler.java,0.048143,0.552381,0.156797,0.013666,0.121625,0.034524,0.021805,0.564202,0.160153,0.006189,0.100848,0.028626
1,0,src/java/org/apache/cassandra/net/OutboundTcpConnectionPool.java,0.048143,0.552381,0.156797,0.013666,0.121625,0.034524,0.021805,0.564202,0.160153,0.006189,0.100848,0.028626
1,0,src/java/org/apache/cassandra/net/OutboundTcpConnection.java,0.048143,0.552381,0.156797,0.013666,0.121625,0.034524,0.021805,0.564202,0.160153,0.006189,0.100848,0.028626
1,0,src/java/org/apache/cassandra/net/MessagingServiceMBean.java,0.048143,0.552381,0.156797,0.013666,0.121625,0.034524,0.021805,0.564202,0.160153,0.006189,0.100848,0.028626
1,0,src/java/org/apache/cassandra/net/MessagingService.java,0.048143,0.552381,0.156797,0.013666,0.121625,0.034524,0.021805,0.564202,0.160153,0.006189,0.100848,0.028626
1,0,src/java/org/apache/cassandra/net/MessageDeliveryTask.java,0.048143,0.552381,0.156797,0.013666,0.121625,0.034524,0.021805,0.564202,0.160153,0.006189,0.100848,0.028626
1,0,src/java/org/apache/cassandra/net/Message.java,0.048143,0.552381,0.156797,0.013666,0.121625,0.034524,0.021805,0.564202,0.160153,0.006189,0.100848,0.028626
1,0,src/java/org/apache/cassandra/net/IncomingTcpConnection.java,0.048143,0.552381,0.156797,0.013666,0.121625,0.034524,0.021805,0.564202,0.160153,0.006189,0.100848,0.028626
1,0,src/java/org/apache/cassandra/net/IVerbHandler.java,0.048143,0.552381,0.156797,0.013666,0.121625,0.034524,0.021805,0.564202,0.160153,0.006189,0.100848,0.028626
1,0,src/java/org/apache/cassandra/net/IMessageCallback.java,0.048143,0.552381,0.156797,0.013666,0.121625,0.034524,0.021805,0.564202,0.160153,0.006189,0.100848,0.028626
1,0,src/java/org/apache/cassandra/net/IAsyncResult.java,0.048143,0.552381,0.156797,0.013666,0.121625,0.034524,0.021805,0.564202,0.160153,0.006189,0.100848,0.028626
1,0,src/java/org/apache/cassandra/net/IAsyncCallback.java,0.048143,0.552381,0.156797,0.013666,0.121625,0.034524,0.021805,0.564202,0.160153,0.006189,0.100848,0.028626
1,0,src/java/org/apache/cassandra/net/Header.java,0.048143,0.552381,0.156797,0.013666,0.121625,0.034524,0.021805,0.564202,0.160153,0.006189,0.100848,0.028626
1,0,src/java/org/apache/cassandra/net/AsyncResult.java,0.048143,0.552381,0.156797,0.013666,0.121625,0.034524,0.021805,0.564202,0.160153,0.006189,0.100848,0.028626
1,0,src/java/org/apache/cassandra/locator/TokenMetadata.java,0.048143,0.552381,0.156797,0.013666,0.121625,0.034524,0.021805,0.564202,0.160153,0.006189,0.100848,0.028626
1,0,src/java/org/apache/cassandra/locator/SimpleStrategy.java,0.048143,0.552381,0.156797,0.013666,0.121625,0.034524,0.021805,0.564202,0.160153,0.006189,0.100848,0.028626
1,0,src/java/org/apache/cassandra/locator/PropertyFileSnitch.java,0.048143,0.552381,0.156797,0.013666,0.121625,0.034524,0.021805,0.564202,0.160153,0.006189,0.100848,0.028626
1,0,src/java/org/apache/cassandra/locator/NetworkTopologyStrategy.java,0.048143,0.552381,0.156797,0.013666,0.121625,0.034524,0.021805,0.564202,0.160153,0.006189,0.100848,0.028626
1,0,src/java/org/apache/cassandra/locator/LocalStrategy.java,0.048143,0.552381,0.156797,0.013666,0.121625,0.034524,0.021805,0.564202,0.160153,0.006189,0.100848,0.028626
1,0,src/java/org/apache/cassandra/locator/ILatencySubscriber.java,0.048143,0.552381,0.156797,0.013666,0.121625,0.034524,0.021805,0.564202,0.160153,0.006189,0.100848,0.028626
1,0,src/java/org/apache/cassandra/locator/IEndpointSnitch.java,0.048143,0.552381,0.156797,0.013666,0.121625,0.034524,0.021805,0.564202,0.160153,0.006189,0.100848,0.028626
1,0,src/java/org/apache/cassandra/locator/EndpointSnitchInfoMBean.java,0.048143,0.552381,0.156797,0.013666,0.121625,0.034524,0.021805,0.564202,0.160153,0.006189,0.100848,0.028626
1,0,src/java/org/apache/cassandra/locator/EndpointSnitchInfo.java,0.048143,0.552381,0.156797,0.013666,0.121625,0.034524,0.021805,0.564202,0.160153,0.006189,0.100848,0.028626
1,0,src/java/org/apache/cassandra/locator/DynamicEndpointSnitchMBean.java,0.048143,0.552381,0.156797,0.013666,0.121625,0.034524,0.021805,0.564202,0.160153,0.006189,0.100848,0.028626
1,0,src/java/org/apache/cassandra/locator/DynamicEndpointSnitch.java,0.048143,0.552381,0.156797,0.013666,0.121625,0.034524,0.021805,0.564202,0.160153,0.006189,0.100848,0.028626
1,0,src/java/org/apache/cassandra/locator/AbstractReplicationStrategy.java,0.048143,0.552381,0.156797,0.013666,0.121625,0.034524,0.021805,0.564202,0.160153,0.006189,0.100848,0.028626
1,0,src/java/org/apache/cassandra/locator/AbstractNetworkTopologySnitch.java,0.048143,0.552381,0.156797,0.013666,0.121625,0.034524,0.021805,0.564202,0.160153,0.006189,0.100848,0.028626
1,0,src/java/org/apache/cassandra/locator/AbstractEndpointSnitch.java,0.048143,0.552381,0.156797,0.013666,0.121625,0.034524,0.021805,0.564202,0.160153,0.006189,0.100848,0.028626
1,0,src/java/org/apache/cassandra/io/util/SegmentedFile.java,0.048143,0.552381,0.156797,0.013666,0.121625,0.034524,0.021805,0.564202,0.160153,0.006189,0.100848,0.028626
1,0,src/java/org/apache/cassandra/io/util/MmappedSegmentedFile.java,0.048143,0.552381,0.156797,0.013666,0.121625,0.034524,0.021805,0.564202,0.160153,0.006189,0.100848,0.028626
1,0,src/java/org/apache/cassandra/io/util/MappedFileDataInput.java,0.048143,0.552381,0.156797,0.013666,0.121625,0.034524,0.021805,0.564202,0.160153,0.006189,0.100848,0.028626
1,0,src/java/org/apache/cassandra/io/util/IIterableColumns.java,0.048143,0.552381,0.156797,0.013666,0.121625,0.034524,0.021805,0.564202,0.160153,0.006189,0.100848,0.028626
1,0,src/java/org/apache/cassandra/io/util/FileMark.java,0.048143,0.552381,0.156797,0.013666,0.121625,0.034524,0.021805,0.564202,0.160153,0.006189,0.100848,0.028626
1,0,src/java/org/apache/cassandra/io/util/FileDataInput.java,0.048143,0.552381,0.156797,0.013666,0.121625,0.034524,0.021805,0.564202,0.160153,0.006189,0.100848,0.028626
1,0,src/java/org/apache/cassandra/io/util/ColumnSortedMap.java,0.048143,0.552381,0.156797,0.013666,0.121625,0.034524,0.021805,0.564202,0.160153,0.006189,0.100848,0.028626
1,0,src/java/org/apache/cassandra/io/util/BufferedSegmentedFile.java,0.048143,0.552381,0.156797,0.013666,0.121625,0.034524,0.021805,0.564202,0.160153,0.006189,0.100848,0.028626
1,0,src/java/org/apache/cassandra/io/util/BufferedRandomAccessFile.java,0.048143,0.552381,0.156797,0.013666,0.121625,0.034524,0.021805,0.564202,0.160153,0.006189,0.100848,0.028626
1,0,src/java/org/apache/cassandra/io/util/AbstractDataInput.java,0.048143,0.552381,0.156797,0.013666,0.121625,0.034524,0.021805,0.564202,0.160153,0.006189,0.100848,0.028626
1,0,src/java/org/apache/cassandra/io/sstable/SSTableWriter.java,0.048143,0.552381,0.156797,0.013666,0.121625,0.034524,0.021805,0.564202,0.160153,0.006189,0.100848,0.028626
1,0,src/java/org/apache/cassandra/io/sstable/SSTableTracker.java,0.048143,0.552381,0.156797,0.013666,0.121625,0.034524,0.021805,0.564202,0.160153,0.006189,0.100848,0.028626
1,0,src/java/org/apache/cassandra/io/sstable/SSTableScanner.java,0.048143,0.552381,0.156797,0.013666,0.121625,0.034524,0.021805,0.564202,0.160153,0.006189,0.100848,0.028626
1,0,src/java/org/apache/cassandra/io/sstable/SSTableReader.java,0.048143,0.552381,0.156797,0.013666,0.121625,0.034524,0.021805,0.564202,0.160153,0.006189,0.100848,0.028626
1,0,src/java/org/apache/cassandra/io/sstable/SSTableIdentityIterator.java,0.048143,0.552381,0.156797,0.013666,0.121625,0.034524,0.021805,0.564202,0.160153,0.006189,0.100848,0.028626
1,0,src/java/org/apache/cassandra/io/sstable/SSTableDeletingReference.java,0.048143,0.552381,0.156797,0.013666,0.121625,0.034524,0.021805,0.564202,0.160153,0.006189,0.100848,0.028626
1,0,src/java/org/apache/cassandra/io/sstable/SSTable.java,0.048143,0.552381,0.156797,0.013666,0.121625,0.034524,0.021805,0.564202,0.160153,0.006189,0.100848,0.028626
1,0,src/java/org/apache/cassandra/io/sstable/ReducingKeyIterator.java,0.048143,0.552381,0.156797,0.013666,0.121625,0.034524,0.021805,0.564202,0.160153,0.006189,0.100848,0.028626
1,0,src/java/org/apache/cassandra/io/sstable/KeyIterator.java,0.048143,0.552381,0.156797,0.013666,0.121625,0.034524,0.021805,0.564202,0.160153,0.006189,0.100848,0.028626
1,0,src/java/org/apache/cassandra/io/sstable/IndexSummary.java,0.048143,0.552381,0.156797,0.013666,0.121625,0.034524,0.021805,0.564202,0.160153,0.006189,0.100848,0.028626
1,0,src/java/org/apache/cassandra/io/sstable/IndexHelper.java,0.048143,0.552381,0.156797,0.013666,0.121625,0.034524,0.021805,0.564202,0.160153,0.006189,0.100848,0.028626
1,0,src/java/org/apache/cassandra/io/sstable/Descriptor.java,0.048143,0.552381,0.156797,0.013666,0.121625,0.034524,0.021805,0.564202,0.160153,0.006189,0.100848,0.028626
1,0,src/java/org/apache/cassandra/io/sstable/Component.java,0.048143,0.552381,0.156797,0.013666,0.121625,0.034524,0.021805,0.564202,0.160153,0.006189,0.100848,0.028626
1,0,src/java/org/apache/cassandra/io/sstable/CacheWriter.java,0.048143,0.552381,0.156797,0.013666,0.121625,0.034524,0.021805,0.564202,0.160153,0.006189,0.100848,0.028626
1,0,src/java/org/apache/cassandra/io/sstable/BloomFilterTracker.java,0.048143,0.552381,0.156797,0.013666,0.121625,0.034524,0.021805,0.564202,0.160153,0.006189,0.100848,0.028626
1,0,src/java/org/apache/cassandra/io/SerDeUtils.java,0.048143,0.552381,0.156797,0.013666,0.121625,0.034524,0.021805,0.564202,0.160153,0.006189,0.100848,0.028626
1,0,src/java/org/apache/cassandra/io/PrecompactedRow.java,0.048143,0.552381,0.156797,0.013666,0.121625,0.034524,0.021805,0.564202,0.160153,0.006189,0.100848,0.028626
1,0,src/java/org/apache/cassandra/io/LazilyCompactedRow.java,0.048143,0.552381,0.156797,0.013666,0.121625,0.034524,0.021805,0.564202,0.160153,0.006189,0.100848,0.028626
1,0,src/java/org/apache/cassandra/io/ICompactionInfo.java,0.048143,0.552381,0.156797,0.013666,0.121625,0.034524,0.021805,0.564202,0.160153,0.006189,0.100848,0.028626
1,0,src/java/org/apache/cassandra/io/IColumnSerializer.java,0.048143,0.552381,0.156797,0.013666,0.121625,0.034524,0.021805,0.564202,0.160153,0.006189,0.100848,0.028626
1,0,src/java/org/apache/cassandra/io/DeletionService.java,0.048143,0.552381,0.156797,0.013666,0.121625,0.034524,0.021805,0.564202,0.160153,0.006189,0.100848,0.028626
1,0,src/java/org/apache/cassandra/io/CompactionIterator.java,0.048143,0.552381,0.156797,0.013666,0.121625,0.034524,0.021805,0.564202,0.160153,0.006189,0.100848,0.028626
1,0,src/java/org/apache/cassandra/io/AbstractCompactedRow.java,0.048143,0.552381,0.156797,0.013666,0.121625,0.034524,0.021805,0.564202,0.160153,0.006189,0.100848,0.028626
1,0,src/java/org/apache/cassandra/gms/VersionedValue.java,0.048143,0.552381,0.156797,0.013666,0.121625,0.034524,0.021805,0.564202,0.160153,0.006189,0.100848,0.028626
1,0,src/java/org/apache/cassandra/gms/VersionGenerator.java,0.048143,0.552381,0.156797,0.013666,0.121625,0.034524,0.021805,0.564202,0.160153,0.006189,0.100848,0.028626
1,0,src/java/org/apache/cassandra/gms/IFailureDetector.java,0.048143,0.552381,0.156797,0.013666,0.121625,0.034524,0.021805,0.564202,0.160153,0.006189,0.100848,0.028626
1,0,src/java/org/apache/cassandra/gms/IFailureDetectionEventListener.java,0.048143,0.552381,0.156797,0.013666,0.121625,0.034524,0.021805,0.564202,0.160153,0.006189,0.100848,0.028626
1,0,src/java/org/apache/cassandra/gms/IEndpointStateChangeSubscriber.java,0.048143,0.552381,0.156797,0.013666,0.121625,0.034524,0.021805,0.564202,0.160153,0.006189,0.100848,0.028626
1,0,src/java/org/apache/cassandra/gms/HeartBeatState.java,0.048143,0.552381,0.156797,0.013666,0.121625,0.034524,0.021805,0.564202,0.160153,0.006189,0.100848,0.028626
1,0,src/java/org/apache/cassandra/gms/Gossiper.java,0.048143,0.552381,0.156797,0.013666,0.121625,0.034524,0.021805,0.564202,0.160153,0.006189,0.100848,0.028626
1,0,src/java/org/apache/cassandra/gms/GossipDigestSynVerbHandler.java,0.048143,0.552381,0.156797,0.013666,0.121625,0.034524,0.021805,0.564202,0.160153,0.006189,0.100848,0.028626
1,0,src/java/org/apache/cassandra/gms/GossipDigestSynMessage.java,0.048143,0.552381,0.156797,0.013666,0.121625,0.034524,0.021805,0.564202,0.160153,0.006189,0.100848,0.028626
1,0,src/java/org/apache/cassandra/gms/GossipDigestAckVerbHandler.java,0.048143,0.552381,0.156797,0.013666,0.121625,0.034524,0.021805,0.564202,0.160153,0.006189,0.100848,0.028626
1,0,src/java/org/apache/cassandra/gms/GossipDigestAckMessage.java,0.048143,0.552381,0.156797,0.013666,0.121625,0.034524,0.021805,0.564202,0.160153,0.006189,0.100848,0.028626
1,0,src/java/org/apache/cassandra/gms/GossipDigestAck2VerbHandler.java,0.048143,0.552381,0.156797,0.013666,0.121625,0.034524,0.021805,0.564202,0.160153,0.006189,0.100848,0.028626
1,0,src/java/org/apache/cassandra/gms/GossipDigestAck2Message.java,0.048143,0.552381,0.156797,0.013666,0.121625,0.034524,0.021805,0.564202,0.160153,0.006189,0.100848,0.028626
1,0,src/java/org/apache/cassandra/gms/FailureDetectorMBean.java,0.048143,0.552381,0.156797,0.013666,0.121625,0.034524,0.021805,0.564202,0.160153,0.006189,0.100848,0.028626
1,0,src/java/org/apache/cassandra/gms/FailureDetector.java,0.048143,0.552381,0.156797,0.013666,0.121625,0.034524,0.021805,0.564202,0.160153,0.006189,0.100848,0.028626
1,0,src/java/org/apache/cassandra/gms/EndpointState.java,0.048143,0.552381,0.156797,0.013666,0.121625,0.034524,0.021805,0.564202,0.160153,0.006189,0.100848,0.028626
1,0,src/java/org/apache/cassandra/gms/ApplicationState.java,0.048143,0.552381,0.156797,0.013666,0.121625,0.034524,0.021805,0.564202,0.160153,0.006189,0.100848,0.028626
1,0,src/java/org/apache/cassandra/dht/Token.java,0.048143,0.552381,0.156797,0.013666,0.121625,0.034524,0.021805,0.564202,0.160153,0.006189,0.100848,0.028626
1,0,src/java/org/apache/cassandra/dht/StringToken.java,0.048143,0.552381,0.156797,0.013666,0.121625,0.034524,0.021805,0.564202,0.160153,0.006189,0.100848,0.028626
1,0,src/java/org/apache/cassandra/dht/Range.java,0.048143,0.552381,0.156797,0.013666,0.121625,0.034524,0.021805,0.564202,0.160153,0.006189,0.100848,0.028626
1,0,src/java/org/apache/cassandra/dht/RandomPartitioner.java,0.048143,0.552381,0.156797,0.013666,0.121625,0.034524,0.021805,0.564202,0.160153,0.006189,0.100848,0.028626
1,0,src/java/org/apache/cassandra/dht/OrderPreservingPartitioner.java,0.048143,0.552381,0.156797,0.013666,0.121625,0.034524,0.021805,0.564202,0.160153,0.006189,0.100848,0.028626
1,0,src/java/org/apache/cassandra/dht/LocalToken.java,0.048143,0.552381,0.156797,0.013666,0.121625,0.034524,0.021805,0.564202,0.160153,0.006189,0.100848,0.028626
1,0,src/java/org/apache/cassandra/dht/LocalPartitioner.java,0.048143,0.552381,0.156797,0.013666,0.121625,0.034524,0.021805,0.564202,0.160153,0.006189,0.100848,0.028626
1,0,src/java/org/apache/cassandra/dht/IPartitioner.java,0.048143,0.552381,0.156797,0.013666,0.121625,0.034524,0.021805,0.564202,0.160153,0.006189,0.100848,0.028626
1,0,src/java/org/apache/cassandra/dht/BytesToken.java,0.048143,0.552381,0.156797,0.013666,0.121625,0.034524,0.021805,0.564202,0.160153,0.006189,0.100848,0.028626
1,0,src/java/org/apache/cassandra/dht/ByteOrderedPartitioner.java,0.048143,0.552381,0.156797,0.013666,0.121625,0.034524,0.021805,0.564202,0.160153,0.006189,0.100848,0.028626
1,0,src/java/org/apache/cassandra/dht/Bounds.java,0.048143,0.552381,0.156797,0.013666,0.121625,0.034524,0.021805,0.564202,0.160153,0.006189,0.100848,0.028626
1,0,src/java/org/apache/cassandra/dht/BootStrapper.java,0.048143,0.552381,0.156797,0.013666,0.121625,0.034524,0.021805,0.564202,0.160153,0.006189,0.100848,0.028626
1,0,src/java/org/apache/cassandra/dht/BigIntegerToken.java,0.048143,0.552381,0.156797,0.013666,0.121625,0.034524,0.021805,0.564202,0.160153,0.006189,0.100848,0.028626
1,0,src/java/org/apache/cassandra/dht/AbstractByteOrderedPartitioner.java,0.048143,0.552381,0.156797,0.013666,0.121625,0.034524,0.021805,0.564202,0.160153,0.006189,0.100848,0.028626
1,0,src/java/org/apache/cassandra/dht/AbstractBounds.java,0.048143,0.552381,0.156797,0.013666,0.121625,0.034524,0.021805,0.564202,0.160153,0.006189,0.100848,0.028626
1,0,src/java/org/apache/cassandra/db/migration/Migration.java,0.048143,0.552381,0.156797,0.013666,0.121625,0.034524,0.021805,0.564202,0.160153,0.006189,0.100848,0.028626
1,0,src/java/org/apache/cassandra/db/migration/AddKeyspace.java,0.048143,0.552381,0.156797,0.013666,0.121625,0.034524,0.021805,0.564202,0.160153,0.006189,0.100848,0.028626
1,0,src/java/org/apache/cassandra/db/marshal/UTF8Type.java,0.048143,0.552381,0.156797,0.013666,0.121625,0.034524,0.021805,0.564202,0.160153,0.006189,0.100848,0.028626
1,0,src/java/org/apache/cassandra/db/marshal/TimeUUIDType.java,0.048143,0.552381,0.156797,0.013666,0.121625,0.034524,0.021805,0.564202,0.160153,0.006189,0.100848,0.028626
1,0,src/java/org/apache/cassandra/db/marshal/MarshalException.java,0.048143,0.552381,0.156797,0.013666,0.121625,0.034524,0.021805,0.564202,0.160153,0.006189,0.100848,0.028626
1,0,src/java/org/apache/cassandra/db/marshal/LocalByPartionerType.java,0.048143,0.552381,0.156797,0.013666,0.121625,0.034524,0.021805,0.564202,0.160153,0.006189,0.100848,0.028626
1,0,src/java/org/apache/cassandra/db/marshal/BytesType.java,0.048143,0.552381,0.156797,0.013666,0.121625,0.034524,0.021805,0.564202,0.160153,0.006189,0.100848,0.028626
1,0,src/java/org/apache/cassandra/db/marshal/AbstractType.java,0.048143,0.552381,0.156797,0.013666,0.121625,0.034524,0.021805,0.564202,0.160153,0.006189,0.100848,0.028626
1,0,src/java/org/apache/cassandra/db/filter/SliceQueryFilter.java,0.048143,0.552381,0.156797,0.013666,0.121625,0.034524,0.021805,0.564202,0.160153,0.006189,0.100848,0.028626
1,0,src/java/org/apache/cassandra/db/filter/QueryPath.java,0.048143,0.552381,0.156797,0.013666,0.121625,0.034524,0.021805,0.564202,0.160153,0.006189,0.100848,0.028626
1,0,src/java/org/apache/cassandra/db/filter/QueryFilter.java,0.048143,0.552381,0.156797,0.013666,0.121625,0.034524,0.021805,0.564202,0.160153,0.006189,0.100848,0.028626
1,0,src/java/org/apache/cassandra/db/filter/NamesQueryFilter.java,0.048143,0.552381,0.156797,0.013666,0.121625,0.034524,0.021805,0.564202,0.160153,0.006189,0.100848,0.028626
1,0,src/java/org/apache/cassandra/db/filter/IFilter.java,0.048143,0.552381,0.156797,0.013666,0.121625,0.034524,0.021805,0.564202,0.160153,0.006189,0.100848,0.028626
1,0,src/java/org/apache/cassandra/db/filter/AbstractColumnIterator.java,0.048143,0.552381,0.156797,0.013666,0.121625,0.034524,0.021805,0.564202,0.160153,0.006189,0.100848,0.028626
1,0,src/java/org/apache/cassandra/db/commitlog/PeriodicCommitLogExecutorServiceMBean.java,0.048143,0.552381,0.156797,0.013666,0.121625,0.034524,0.021805,0.564202,0.160153,0.006189,0.100848,0.028626
1,0,src/java/org/apache/cassandra/db/commitlog/PeriodicCommitLogExecutorService.java,0.048143,0.552381,0.156797,0.013666,0.121625,0.034524,0.021805,0.564202,0.160153,0.006189,0.100848,0.028626
1,0,src/java/org/apache/cassandra/db/commitlog/ICommitLogExecutorService.java,0.048143,0.552381,0.156797,0.013666,0.121625,0.034524,0.021805,0.564202,0.160153,0.006189,0.100848,0.028626
1,0,src/java/org/apache/cassandra/db/commitlog/CommitLogSegment.java,0.048143,0.552381,0.156797,0.013666,0.121625,0.034524,0.021805,0.564202,0.160153,0.006189,0.100848,0.028626
1,0,src/java/org/apache/cassandra/db/commitlog/CommitLogHeader.java,0.048143,0.552381,0.156797,0.013666,0.121625,0.034524,0.021805,0.564202,0.160153,0.006189,0.100848,0.028626
1,0,src/java/org/apache/cassandra/db/commitlog/CommitLog.java,0.048143,0.552381,0.156797,0.013666,0.121625,0.034524,0.021805,0.564202,0.160153,0.006189,0.100848,0.028626
1,0,src/java/org/apache/cassandra/db/commitlog/BatchCommitLogExecutorServiceMBean.java,0.048143,0.552381,0.156797,0.013666,0.121625,0.034524,0.021805,0.564202,0.160153,0.006189,0.100848,0.028626
1,0,src/java/org/apache/cassandra/db/commitlog/BatchCommitLogExecutorService.java,0.048143,0.552381,0.156797,0.013666,0.121625,0.034524,0.021805,0.564202,0.160153,0.006189,0.100848,0.028626
1,0,src/java/org/apache/cassandra/db/commitlog/AbstractCommitLogExecutorService.java,0.048143,0.552381,0.156797,0.013666,0.121625,0.034524,0.021805,0.564202,0.160153,0.006189,0.100848,0.028626
1,0,src/java/org/apache/cassandra/db/columniterator/SimpleSliceReader.java,0.048143,0.552381,0.156797,0.013666,0.121625,0.034524,0.021805,0.564202,0.160153,0.006189,0.100848,0.028626
1,0,src/java/org/apache/cassandra/db/columniterator/SimpleAbstractColumnIterator.java,0.048143,0.552381,0.156797,0.013666,0.121625,0.034524,0.021805,0.564202,0.160153,0.006189,0.100848,0.028626
1,0,src/java/org/apache/cassandra/db/columniterator/SSTableSliceIterator.java,0.048143,0.552381,0.156797,0.013666,0.121625,0.034524,0.021805,0.564202,0.160153,0.006189,0.100848,0.028626
1,0,src/java/org/apache/cassandra/db/columniterator/SSTableNamesIterator.java,0.048143,0.552381,0.156797,0.013666,0.121625,0.034524,0.021805,0.564202,0.160153,0.006189,0.100848,0.028626
1,0,src/java/org/apache/cassandra/db/columniterator/IndexedSliceReader.java,0.048143,0.552381,0.156797,0.013666,0.121625,0.034524,0.021805,0.564202,0.160153,0.006189,0.100848,0.028626
1,0,src/java/org/apache/cassandra/db/columniterator/IdentityQueryFilter.java,0.048143,0.552381,0.156797,0.013666,0.121625,0.034524,0.021805,0.564202,0.160153,0.006189,0.100848,0.028626
1,0,src/java/org/apache/cassandra/db/columniterator/IColumnIterator.java,0.048143,0.552381,0.156797,0.013666,0.121625,0.034524,0.021805,0.564202,0.160153,0.006189,0.100848,0.028626
1,0,src/java/org/apache/cassandra/db/WriteResponse.java,0.048143,0.552381,0.156797,0.013666,0.121625,0.034524,0.021805,0.564202,0.160153,0.006189,0.100848,0.028626
1,0,src/java/org/apache/cassandra/db/UnserializableColumnFamilyException.java,0.048143,0.552381,0.156797,0.013666,0.121625,0.034524,0.021805,0.564202,0.160153,0.006189,0.100848,0.028626
1,0,src/java/org/apache/cassandra/db/Truncation.java,0.048143,0.552381,0.156797,0.013666,0.121625,0.034524,0.021805,0.564202,0.160153,0.006189,0.100848,0.028626
1,0,src/java/org/apache/cassandra/db/TruncateVerbHandler.java,0.048143,0.552381,0.156797,0.013666,0.121625,0.034524,0.021805,0.564202,0.160153,0.006189,0.100848,0.028626
1,0,src/java/org/apache/cassandra/db/TruncateResponse.java,0.048143,0.552381,0.156797,0.013666,0.121625,0.034524,0.021805,0.564202,0.160153,0.006189,0.100848,0.028626
1,0,src/java/org/apache/cassandra/db/Table.java,0.048143,0.552381,0.156797,0.013666,0.121625,0.034524,0.021805,0.564202,0.160153,0.006189,0.100848,0.028626
1,0,src/java/org/apache/cassandra/db/SystemTable.java,0.048143,0.552381,0.156797,0.013666,0.121625,0.034524,0.021805,0.564202,0.160153,0.006189,0.100848,0.028626
1,0,src/java/org/apache/cassandra/db/SuperColumn.java,0.048143,0.552381,0.156797,0.013666,0.121625,0.034524,0.021805,0.564202,0.160153,0.006189,0.100848,0.028626
1,0,src/java/org/apache/cassandra/db/SliceFromReadCommand.java,0.048143,0.552381,0.156797,0.013666,0.121625,0.034524,0.021805,0.564202,0.160153,0.006189,0.100848,0.028626
1,0,src/java/org/apache/cassandra/db/SliceByNamesReadCommand.java,0.048143,0.552381,0.156797,0.013666,0.121625,0.034524,0.021805,0.564202,0.160153,0.006189,0.100848,0.028626
1,0,src/java/org/apache/cassandra/db/SchemaCheckVerbHandler.java,0.048143,0.552381,0.156797,0.013666,0.121625,0.034524,0.021805,0.564202,0.160153,0.006189,0.100848,0.028626
1,0,src/java/org/apache/cassandra/db/RowMutationVerbHandler.java,0.048143,0.552381,0.156797,0.013666,0.121625,0.034524,0.021805,0.564202,0.160153,0.006189,0.100848,0.028626
1,0,src/java/org/apache/cassandra/db/RowMutation.java,0.048143,0.552381,0.156797,0.013666,0.121625,0.034524,0.021805,0.564202,0.160153,0.006189,0.100848,0.028626
1,0,src/java/org/apache/cassandra/db/RowIteratorFactory.java,0.048143,0.552381,0.156797,0.013666,0.121625,0.034524,0.021805,0.564202,0.160153,0.006189,0.100848,0.028626
1,0,src/java/org/apache/cassandra/db/RowIterator.java,0.048143,0.552381,0.156797,0.013666,0.121625,0.034524,0.021805,0.564202,0.160153,0.006189,0.100848,0.028626
1,0,src/java/org/apache/cassandra/db/Row.java,0.048143,0.552381,0.156797,0.013666,0.121625,0.034524,0.021805,0.564202,0.160153,0.006189,0.100848,0.028626
1,0,src/java/org/apache/cassandra/db/ReadVerbHandler.java,0.048143,0.552381,0.156797,0.013666,0.121625,0.034524,0.021805,0.564202,0.160153,0.006189,0.100848,0.028626
1,0,src/java/org/apache/cassandra/db/ReadResponse.java,0.048143,0.552381,0.156797,0.013666,0.121625,0.034524,0.021805,0.564202,0.160153,0.006189,0.100848,0.028626
1,0,src/java/org/apache/cassandra/db/ReadRepairVerbHandler.java,0.048143,0.552381,0.156797,0.013666,0.121625,0.034524,0.021805,0.564202,0.160153,0.006189,0.100848,0.028626
1,0,src/java/org/apache/cassandra/db/ReadCommand.java,0.048143,0.552381,0.156797,0.013666,0.121625,0.034524,0.021805,0.564202,0.160153,0.006189,0.100848,0.028626
1,0,src/java/org/apache/cassandra/db/RangeSliceReply.java,0.048143,0.552381,0.156797,0.013666,0.121625,0.034524,0.021805,0.564202,0.160153,0.006189,0.100848,0.028626
1,0,src/java/org/apache/cassandra/db/RangeSliceCommand.java,0.048143,0.552381,0.156797,0.013666,0.121625,0.034524,0.021805,0.564202,0.160153,0.006189,0.100848,0.028626
1,0,src/java/org/apache/cassandra/db/Memtable.java,0.048143,0.552381,0.156797,0.013666,0.121625,0.034524,0.021805,0.564202,0.160153,0.006189,0.100848,0.028626
1,0,src/java/org/apache/cassandra/db/IndexScanCommand.java,0.048143,0.552381,0.156797,0.013666,0.121625,0.034524,0.021805,0.564202,0.160153,0.006189,0.100848,0.028626
1,0,src/java/org/apache/cassandra/db/IFlushable.java,0.048143,0.552381,0.156797,0.013666,0.121625,0.034524,0.021805,0.564202,0.160153,0.006189,0.100848,0.028626
1,0,src/java/org/apache/cassandra/db/IColumnContainer.java,0.048143,0.552381,0.156797,0.013666,0.121625,0.034524,0.021805,0.564202,0.160153,0.006189,0.100848,0.028626
1,0,src/java/org/apache/cassandra/db/IColumn.java,0.048143,0.552381,0.156797,0.013666,0.121625,0.034524,0.021805,0.564202,0.160153,0.006189,0.100848,0.028626
1,0,src/java/org/apache/cassandra/db/HintedHandOffManagerMBean.java,0.048143,0.552381,0.156797,0.013666,0.121625,0.034524,0.021805,0.564202,0.160153,0.006189,0.100848,0.028626
1,0,src/java/org/apache/cassandra/db/HintedHandOffManager.java,0.048143,0.552381,0.156797,0.013666,0.121625,0.034524,0.021805,0.564202,0.160153,0.006189,0.100848,0.028626
1,0,src/java/org/apache/cassandra/db/ExpiringColumn.java,0.048143,0.552381,0.156797,0.013666,0.121625,0.034524,0.021805,0.564202,0.160153,0.006189,0.100848,0.028626
1,0,src/java/org/apache/cassandra/db/DeletedColumn.java,0.048143,0.552381,0.156797,0.013666,0.121625,0.034524,0.021805,0.564202,0.160153,0.006189,0.100848,0.028626
1,0,src/java/org/apache/cassandra/db/DefsTable.java,0.048143,0.552381,0.156797,0.013666,0.121625,0.034524,0.021805,0.564202,0.160153,0.006189,0.100848,0.028626
1,0,src/java/org/apache/cassandra/db/DefinitionsUpdateResponseVerbHandler.java,0.048143,0.552381,0.156797,0.013666,0.121625,0.034524,0.021805,0.564202,0.160153,0.006189,0.100848,0.028626
1,0,src/java/org/apache/cassandra/db/DefinitionsAnnounceVerbHandler.java,0.048143,0.552381,0.156797,0.013666,0.121625,0.034524,0.021805,0.564202,0.160153,0.006189,0.100848,0.028626
1,0,src/java/org/apache/cassandra/db/DecoratedKey.java,0.048143,0.552381,0.156797,0.013666,0.121625,0.034524,0.021805,0.564202,0.160153,0.006189,0.100848,0.028626
1,0,src/java/org/apache/cassandra/db/DBConstants.java,0.048143,0.552381,0.156797,0.013666,0.121625,0.034524,0.021805,0.564202,0.160153,0.006189,0.100848,0.028626
1,0,src/java/org/apache/cassandra/db/CompactionManagerMBean.java,0.048143,0.552381,0.156797,0.013666,0.121625,0.034524,0.021805,0.564202,0.160153,0.006189,0.100848,0.028626
1,0,src/java/org/apache/cassandra/db/CompactionManager.java,0.048143,0.552381,0.156797,0.013666,0.121625,0.034524,0.021805,0.564202,0.160153,0.006189,0.100848,0.028626
1,0,src/java/org/apache/cassandra/db/ColumnSerializer.java,0.048143,0.552381,0.156797,0.013666,0.121625,0.034524,0.021805,0.564202,0.160153,0.006189,0.100848,0.028626
1,0,src/java/org/apache/cassandra/db/ColumnIndexer.java,0.048143,0.552381,0.156797,0.013666,0.121625,0.034524,0.021805,0.564202,0.160153,0.006189,0.100848,0.028626
1,0,src/java/org/apache/cassandra/db/ColumnFamilyType.java,0.048143,0.552381,0.156797,0.013666,0.121625,0.034524,0.021805,0.564202,0.160153,0.006189,0.100848,0.028626
1,0,src/java/org/apache/cassandra/db/ColumnFamilyStoreMBean.java,0.048143,0.552381,0.156797,0.013666,0.121625,0.034524,0.021805,0.564202,0.160153,0.006189,0.100848,0.028626
1,0,src/java/org/apache/cassandra/db/ColumnFamilyStore.java,0.048143,0.552381,0.156797,0.013666,0.121625,0.034524,0.021805,0.564202,0.160153,0.006189,0.100848,0.028626
1,0,src/java/org/apache/cassandra/db/ColumnFamilySerializer.java,0.048143,0.552381,0.156797,0.013666,0.121625,0.034524,0.021805,0.564202,0.160153,0.006189,0.100848,0.028626
1,0,src/java/org/apache/cassandra/db/ColumnFamily.java,0.048143,0.552381,0.156797,0.013666,0.121625,0.034524,0.021805,0.564202,0.160153,0.006189,0.100848,0.028626
1,0,src/java/org/apache/cassandra/db/Column.java,0.048143,0.552381,0.156797,0.013666,0.121625,0.034524,0.021805,0.564202,0.160153,0.006189,0.100848,0.028626
1,0,src/java/org/apache/cassandra/db/BinaryVerbHandler.java,0.048143,0.552381,0.156797,0.013666,0.121625,0.034524,0.021805,0.564202,0.160153,0.006189,0.100848,0.028626
1,0,src/java/org/apache/cassandra/db/BinaryMemtable.java,0.048143,0.552381,0.156797,0.013666,0.121625,0.034524,0.021805,0.564202,0.160153,0.006189,0.100848,0.028626
1,0,src/java/org/apache/cassandra/config/RawKeyspace.java,0.048143,0.552381,0.156797,0.013666,0.121625,0.034524,0.021805,0.564202,0.160153,0.006189,0.100848,0.028626
1,0,src/java/org/apache/cassandra/config/RawColumnFamily.java,0.048143,0.552381,0.156797,0.013666,0.121625,0.034524,0.021805,0.564202,0.160153,0.006189,0.100848,0.028626
1,0,src/java/org/apache/cassandra/config/RawColumnDefinition.java,0.048143,0.552381,0.156797,0.013666,0.121625,0.034524,0.021805,0.564202,0.160153,0.006189,0.100848,0.028626
1,0,src/java/org/apache/cassandra/config/KSMetaData.java,0.048143,0.552381,0.156797,0.013666,0.121625,0.034524,0.021805,0.564202,0.160153,0.006189,0.100848,0.028626
1,0,src/java/org/apache/cassandra/config/DatabaseDescriptor.java,0.048143,0.552381,0.156797,0.013666,0.121625,0.034524,0.021805,0.564202,0.160153,0.006189,0.100848,0.028626
1,0,src/java/org/apache/cassandra/config/ConfigurationException.java,0.048143,0.552381,0.156797,0.013666,0.121625,0.034524,0.021805,0.564202,0.160153,0.006189,0.100848,0.028626
1,0,src/java/org/apache/cassandra/config/Config.java,0.048143,0.552381,0.156797,0.013666,0.121625,0.034524,0.021805,0.564202,0.160153,0.006189,0.100848,0.028626
1,0,src/java/org/apache/cassandra/config/ColumnDefinition.java,0.048143,0.552381,0.156797,0.013666,0.121625,0.034524,0.021805,0.564202,0.160153,0.006189,0.100848,0.028626
1,0,src/java/org/apache/cassandra/config/CFMetaData.java,0.048143,0.552381,0.156797,0.013666,0.121625,0.034524,0.021805,0.564202,0.160153,0.006189,0.100848,0.028626
1,0,src/java/org/apache/cassandra/concurrent/StageManager.java,0.048143,0.552381,0.156797,0.013666,0.121625,0.034524,0.021805,0.564202,0.160153,0.006189,0.100848,0.028626
1,0,src/java/org/apache/cassandra/concurrent/Stage.java,0.048143,0.552381,0.156797,0.013666,0.121625,0.034524,0.021805,0.564202,0.160153,0.006189,0.100848,0.028626
1,0,src/java/org/apache/cassandra/concurrent/RetryingScheduledThreadPoolExecutor.java,0.048143,0.552381,0.156797,0.013666,0.121625,0.034524,0.021805,0.564202,0.160153,0.006189,0.100848,0.028626
1,0,src/java/org/apache/cassandra/concurrent/JMXEnabledThreadPoolExecutorMBean.java,0.048143,0.552381,0.156797,0.013666,0.121625,0.034524,0.021805,0.564202,0.160153,0.006189,0.100848,0.028626
1,0,src/java/org/apache/cassandra/concurrent/JMXEnabledThreadPoolExecutor.java,0.048143,0.552381,0.156797,0.013666,0.121625,0.034524,0.021805,0.564202,0.160153,0.006189,0.100848,0.028626
1,0,src/java/org/apache/cassandra/concurrent/JMXConfigurableThreadPoolExecutorMBean.java,0.048143,0.552381,0.156797,0.013666,0.121625,0.034524,0.021805,0.564202,0.160153,0.006189,0.100848,0.028626
1,0,src/java/org/apache/cassandra/concurrent/JMXConfigurableThreadPoolExecutor.java,0.048143,0.552381,0.156797,0.013666,0.121625,0.034524,0.021805,0.564202,0.160153,0.006189,0.100848,0.028626
1,0,src/java/org/apache/cassandra/concurrent/IExecutorMBean.java,0.048143,0.552381,0.156797,0.013666,0.121625,0.034524,0.021805,0.564202,0.160153,0.006189,0.100848,0.028626
1,0,src/java/org/apache/cassandra/cache/JMXInstrumentedCacheMBean.java,0.048143,0.552381,0.156797,0.013666,0.121625,0.034524,0.021805,0.564202,0.160153,0.006189,0.100848,0.028626
1,0,src/java/org/apache/cassandra/cache/JMXInstrumentedCache.java,0.048143,0.552381,0.156797,0.013666,0.121625,0.034524,0.021805,0.564202,0.160153,0.006189,0.100848,0.028626
1,0,src/java/org/apache/cassandra/cache/AbstractCache.java,0.048143,0.552381,0.156797,0.013666,0.121625,0.034524,0.021805,0.564202,0.160153,0.006189,0.100848,0.028626
1,0,src/java/org/apache/cassandra/auth/Permission.java,0.048143,0.552381,0.156797,0.013666,0.121625,0.034524,0.021805,0.564202,0.160153,0.006189,0.100848,0.028626
1,0,src/java/org/apache/cassandra/auth/IAuthority.java,0.048143,0.552381,0.156797,0.013666,0.121625,0.034524,0.021805,0.564202,0.160153,0.006189,0.100848,0.028626
1,0,src/java/org/apache/cassandra/auth/IAuthenticator.java,0.048143,0.552381,0.156797,0.013666,0.121625,0.034524,0.021805,0.564202,0.160153,0.006189,0.100848,0.028626
1,0,src/java/org/apache/cassandra/auth/AuthenticatedUser.java,0.048143,0.552381,0.156797,0.013666,0.121625,0.034524,0.021805,0.564202,0.160153,0.006189,0.100848,0.028626
1,0,src/java/org/apache/cassandra/auth/AllowAllAuthority.java,0.048143,0.552381,0.156797,0.013666,0.121625,0.034524,0.021805,0.564202,0.160153,0.006189,0.100848,0.028626
1,0,src/java/org/apache/cassandra/auth/AllowAllAuthenticator.java,0.048143,0.552381,0.156797,0.013666,0.121625,0.034524,0.021805,0.564202,0.160153,0.006189,0.100848,0.028626
1,0,interface/thrift/gen-java/org/apache/cassandra/thrift/UnavailableException.java,0.048143,0.552381,0.156797,0.013666,0.121625,0.034524,0.021805,0.564202,0.160153,0.006189,0.100848,0.028626
1,0,interface/thrift/gen-java/org/apache/cassandra/thrift/SuperColumn.java,0.048143,0.552381,0.156797,0.013666,0.121625,0.034524,0.021805,0.564202,0.160153,0.006189,0.100848,0.028626
1,0,interface/thrift/gen-java/org/apache/cassandra/thrift/SliceRange.java,0.048143,0.552381,0.156797,0.013666,0.121625,0.034524,0.021805,0.564202,0.160153,0.006189,0.100848,0.028626
1,0,interface/thrift/gen-java/org/apache/cassandra/thrift/SlicePredicate.java,0.048143,0.552381,0.156797,0.013666,0.121625,0.034524,0.021805,0.564202,0.160153,0.006189,0.100848,0.028626
1,0,interface/thrift/gen-java/org/apache/cassandra/thrift/Mutation.java,0.048143,0.552381,0.156797,0.013666,0.121625,0.034524,0.021805,0.564202,0.160153,0.006189,0.100848,0.028626
1,0,interface/thrift/gen-java/org/apache/cassandra/thrift/InvalidRequestException.java,0.048143,0.552381,0.156797,0.013666,0.121625,0.034524,0.021805,0.564202,0.160153,0.006189,0.100848,0.028626
1,0,interface/thrift/gen-java/org/apache/cassandra/thrift/IndexType.java,0.048143,0.552381,0.156797,0.013666,0.121625,0.034524,0.021805,0.564202,0.160153,0.006189,0.100848,0.028626
1,0,interface/thrift/gen-java/org/apache/cassandra/thrift/IndexOperator.java,0.048143,0.552381,0.156797,0.013666,0.121625,0.034524,0.021805,0.564202,0.160153,0.006189,0.100848,0.028626
1,0,interface/thrift/gen-java/org/apache/cassandra/thrift/IndexExpression.java,0.048143,0.552381,0.156797,0.013666,0.121625,0.034524,0.021805,0.564202,0.160153,0.006189,0.100848,0.028626
1,0,interface/thrift/gen-java/org/apache/cassandra/thrift/IndexClause.java,0.048143,0.552381,0.156797,0.013666,0.121625,0.034524,0.021805,0.564202,0.160153,0.006189,0.100848,0.028626
1,0,interface/thrift/gen-java/org/apache/cassandra/thrift/Deletion.java,0.048143,0.552381,0.156797,0.013666,0.121625,0.034524,0.021805,0.564202,0.160153,0.006189,0.100848,0.028626
1,0,interface/thrift/gen-java/org/apache/cassandra/thrift/Constants.java,0.048143,0.552381,0.156797,0.013666,0.121625,0.034524,0.021805,0.564202,0.160153,0.006189,0.100848,0.028626
1,0,interface/thrift/gen-java/org/apache/cassandra/thrift/ConsistencyLevel.java,0.048143,0.552381,0.156797,0.013666,0.121625,0.034524,0.021805,0.564202,0.160153,0.006189,0.100848,0.028626
1,0,interface/thrift/gen-java/org/apache/cassandra/thrift/ColumnPath.java,0.048143,0.552381,0.156797,0.013666,0.121625,0.034524,0.021805,0.564202,0.160153,0.006189,0.100848,0.028626
1,0,interface/thrift/gen-java/org/apache/cassandra/thrift/ColumnParent.java,0.048143,0.552381,0.156797,0.013666,0.121625,0.034524,0.021805,0.564202,0.160153,0.006189,0.100848,0.028626
1,0,interface/thrift/gen-java/org/apache/cassandra/thrift/ColumnOrSuperColumn.java,0.048143,0.552381,0.156797,0.013666,0.121625,0.034524,0.021805,0.564202,0.160153,0.006189,0.100848,0.028626
1,0,interface/thrift/gen-java/org/apache/cassandra/thrift/ColumnDef.java,0.048143,0.552381,0.156797,0.013666,0.121625,0.034524,0.021805,0.564202,0.160153,0.006189,0.100848,0.028626
1,0,interface/thrift/gen-java/org/apache/cassandra/thrift/Column.java,0.048143,0.552381,0.156797,0.013666,0.121625,0.034524,0.021805,0.564202,0.160153,0.006189,0.100848,0.028626
1,0,interface/thrift/gen-java/org/apache/cassandra/thrift/CfDef.java,0.048143,0.552381,0.156797,0.013666,0.121625,0.034524,0.021805,0.564202,0.160153,0.006189,0.100848,0.028626
1,0,interface/thrift/gen-java/org/apache/cassandra/thrift/AuthenticationException.java,0.048143,0.552381,0.156797,0.013666,0.121625,0.034524,0.021805,0.564202,0.160153,0.006189,0.100848,0.028626
2,0,test/unit/org/apache/cassandra/dht/PartitionerTestCase.java,0.001854,0.001905,0.001905,0.001854,0.001864,0.001864,0.001890,0.001946,0.001946,0.001890,0.001901,0.001901
2,1,test/unit/org/apache/cassandra/SchemaLoader.java,0.000998,0.001905,0.001905,0.000998,0.001783,0.001783,0.000962,0.001946,0.001946,0.000962,0.001813,0.001813
2,2,src/java/org/apache/cassandra/tools/SSTableImport.java,0.001874,0.001905,0.001905,0.001874,0.001884,0.001884,0.001912,0.001946,0.001946,0.001912,0.001923,0.001923
2,3,src/java/org/apache/cassandra/tools/NodeProbe.java,0.001752,0.001905,0.001905,0.001752,0.001833,0.001833,0.001780,0.001946,0.001946,0.001780,0.001868,0.001868
2,4,src/java/org/apache/cassandra/db/marshal/LongType.java,0.003402,0.003810,0.003810,0.003402,0.003606,0.003606,0.003449,0.003891,0.003891,0.003449,0.003670,0.003670
2,4,src/java/org/apache/cassandra/db/marshal/IntegerType.java,0.003402,0.003810,0.003810,0.003402,0.003606,0.003606,0.003449,0.003891,0.003891,0.003449,0.003670,0.003670
2,5,src/java/org/apache/cassandra/db/marshal/AsciiType.java,0.001772,0.001905,0.001905,0.001772,0.001864,0.001864,0.001802,0.001946,0.001946,0.001802,0.001901,0.001901
2,6,test/unit/org/apache/cassandra/Util.java,0.001080,0.001905,0.001905,0.001080,0.001457,0.001457,0.001050,0.001946,0.001946,0.001050,0.001459,0.001459
2,7,src/java/org/apache/cassandra/hadoop/ConfigHelper.java,0.001813,0.001905,0.001905,0.001813,0.001833,0.001833,0.001846,0.001946,0.001946,0.001846,0.001868,0.001868
2,8,src/java/org/apache/cassandra/auth/Resources.java,0.001569,0.001905,0.001905,0.001569,0.001874,0.001874,0.001581,0.001946,0.001946,0.001581,0.001912,0.001912
2,9,src/java/org/apache/cassandra/locator/SimpleSnitch.java,0.001854,0.001905,0.001905,0.001854,0.001864,0.001864,0.001890,0.001946,0.001946,0.001890,0.001901,0.001901
2,10,src/java/org/apache/cassandra/locator/OldNetworkTopologyStrategy.java,0.001844,0.001905,0.001905,0.001844,0.001874,0.001874,0.001879,0.001946,0.001946,0.001879,0.001912,0.001912
2,11,test/unit/org/apache/cassandra/utils/ResetableIterator.java,0.005592,0.005714,0.005714,0.005592,0.005592,0.005592,0.005704,0.005837,0.005837,0.005704,0.005704,0.005704
2,11,test/unit/org/apache/cassandra/utils/KeyGenerator.java,0.005592,0.005714,0.005714,0.005592,0.005592,0.005592,0.005704,0.005837,0.005837,0.005704,0.005704,0.005704
2,11,test/unit/org/apache/cassandra/utils/FilterTestHelper.java,0.005592,0.005714,0.005714,0.005592,0.005592,0.005592,0.005704,0.005837,0.005837,0.005704,0.005704,0.005704
2,12,interface/thrift/gen-java/org/apache/cassandra/thrift/Cassandra.java,0.012193,0.017143,0.012557,0.008931,0.014393,0.010542,0.012137,0.017510,0.012826,0.008891,0.014525,0.010639
2,12,interface/thrift/gen-java/org/apache/cassandra/thrift/AuthorizationException.java,0.012193,0.017143,0.012557,0.008931,0.014393,0.010542,0.012137,0.017510,0.012826,0.008891,0.014525,0.010639
2,12,interface/thrift/gen-java/org/apache/cassandra/thrift/AuthenticationRequest.java,0.012193,0.017143,0.012557,0.008931,0.014393,0.010542,0.012137,0.017510,0.012826,0.008891,0.014525,0.010639
2,12,interface/thrift/gen-java/org/apache/cassandra/thrift/NotFoundException.java,0.012193,0.017143,0.012557,0.008931,0.014393,0.010542,0.012137,0.017510,0.012826,0.008891,0.014525,0.010639
2,12,interface/thrift/gen-java/org/apache/cassandra/thrift/KsDef.java,0.012193,0.017143,0.012557,0.008931,0.014393,0.010542,0.012137,0.017510,0.012826,0.008891,0.014525,0.010639
2,12,interface/thrift/gen-java/org/apache/cassandra/thrift/KeySlice.java,0.012193,0.017143,0.012557,0.008931,0.014393,0.010542,0.012137,0.017510,0.012826,0.008891,0.014525,0.010639
2,12,interface/thrift/gen-java/org/apache/cassandra/thrift/KeyRange.java,0.012193,0.017143,0.012557,0.008931,0.014393,0.010542,0.012137,0.017510,0.012826,0.008891,0.014525,0.010639
2,12,interface/thrift/gen-java/org/apache/cassandra/thrift/TokenRange.java,0.012193,0.017143,0.012557,0.008931,0.014393,0.010542,0.012137,0.017510,0.012826,0.008891,0.014525,0.010639
2,12,interface/thrift/gen-java/org/apache/cassandra/thrift/TimedOutException.java,0.012193,0.017143,0.012557,0.008931,0.014393,0.010542,0.012137,0.017510,0.012826,0.008891,0.014525,0.010639
2,13,src/java/org/apache/cassandra/db/migration/UpdateKeyspace.java,0.001579,0.001905,0.001905,0.001579,0.001874,0.001874,0.001592,0.001946,0.001946,0.001592,0.001912,0.001912
2,14,src/java/org/apache/cassandra/db/migration/UpdateColumnFamily.java,0.001579,0.001905,0.001905,0.001579,0.001874,0.001874,0.001592,0.001946,0.001946,0.001592,0.001912,0.001912
2,15,src/java/org/apache/cassandra/db/migration/DropKeyspace.java,0.001579,0.001905,0.001905,0.001579,0.001874,0.001874,0.001592,0.001946,0.001946,0.001592,0.001912,0.001912
2,16,src/java/org/apache/cassandra/db/migration/DropColumnFamily.java,0.001579,0.001905,0.001905,0.001579,0.001874,0.001874,0.001592,0.001946,0.001946,0.001592,0.001912,0.001912
2,17,src/java/org/apache/cassandra/db/migration/AddColumnFamily.java,0.001579,0.001905,0.001905,0.001579,0.001874,0.001874,0.001592,0.001946,0.001946,0.001592,0.001912,0.001912
2,18,test/unit/org/apache/cassandra/io/sstable/SSTableUtils.java,0.001864,0.001905,0.001905,0.001864,0.001864,0.001864,0.001901,0.001946,0.001946,0.001901,0.001901,0.001901
2,19,src/java/org/apache/cassandra/auth/SimpleAuthenticator.java,0.001701,0.001905,0.001905,0.001701,0.001854,0.001854,0.001724,0.001946,0.001946,0.001724,0.001890,0.001890
3,0,src/java/org/apache/cassandra/thrift/ThriftValidation.java,0.015126,0.017143,0.012557,0.011080,0.016739,0.012261,0.015307,0.017510,0.012826,0.011212,0.017069,0.012503
3,0,src/java/org/apache/cassandra/thrift/TCustomServerSocket.java,0.015126,0.017143,0.012557,0.011080,0.016739,0.012261,0.015307,0.017510,0.012826,0.011212,0.017069,0.012503
3,0,src/java/org/apache/cassandra/thrift/CustomTThreadPoolServer.java,0.015126,0.017143,0.012557,0.011080,0.016739,0.012261,0.015307,0.017510,0.012826,0.011212,0.017069,0.012503
3,0,src/java/org/apache/cassandra/thrift/CassandraServer.java,0.015126,0.017143,0.012557,0.011080,0.016739,0.012261,0.015307,0.017510,0.012826,0.011212,0.017069,0.012503
3,0,src/java/org/apache/cassandra/thrift/CassandraDaemon.java,0.015126,0.017143,0.012557,0.011080,0.016739,0.012261,0.015307,0.017510,0.012826,0.011212,0.017069,0.012503
3,0,src/java/org/apache/cassandra/service/AbstractCassandraDaemon.java,0.015126,0.017143,0.012557,0.011080,0.016739,0.012261,0.015307,0.017510,0.012826,0.011212,0.017069,0.012503
3,0,src/java/org/apache/cassandra/db/KeyspaceNotDefinedException.java,0.015126,0.017143,0.012557,0.011080,0.016739,0.012261,0.015307,0.017510,0.012826,0.011212,0.017069,0.012503
3,0,src/java/org/apache/cassandra/utils/Mx4jTool.java,0.015126,0.017143,0.012557,0.011080,0.016739,0.012261,0.015307,0.017510,0.012826,0.011212,0.017069,0.012503
3,0,src/java/org/apache/cassandra/service/ClientState.java,0.015126,0.017143,0.012557,0.011080,0.016739,0.012261,0.015307,0.017510,0.012826,0.011212,0.017069,0.012503
3,1,test/distributed/org/apache/cassandra/utils/KeyPair.java,0.007529,0.007619,0.007619,0.007529,0.007529,0.007529,0.007684,0.007782,0.007782,0.007684,0.007684,0.007684
3,1,test/distributed/org/apache/cassandra/utils/BlobUtils.java,0.007529,0.007619,0.007619,0.007529,0.007529,0.007529,0.007684,0.007782,0.007782,0.007684,0.007684,0.007684
3,1,test/distributed/org/apache/cassandra/TestBase.java,0.007529,0.007619,0.007619,0.007529,0.007529,0.007529,0.007684,0.007782,0.007782,0.007684,0.007684,0.007684
3,1,test/distributed/org/apache/cassandra/CassandraServiceController.java,0.007529,0.007619,0.007619,0.007529,0.007529,0.007529,0.007684,0.007782,0.007782,0.007684,0.007684,0.007684
3,2,test/unit/org/apache/cassandra/CleanupHelper.java,0.001120,0.001905,0.001905,0.001120,0.001333,0.001333,0.001089,0.001946,0.001946,0.001089,0.001321,0.001321
3,3,test/unit/org/apache/cassandra/AbstractSerializationsTester.java,0.001838,0.001905,0.001905,0.001838,0.001838,0.001838,0.001872,0.001946,0.001946,0.001872,0.001872,0.001872
3,4,src/java/org/apache/cassandra/client/RingCache.java,0.001793,0.001905,0.001905,0.001793,0.001871,0.001871,0.001823,0.001946,0.001946,0.001823,0.001909,0.001909
3,5,src/java/org/apache/cassandra/auth/SimpleAuthority.java,0.001871,0.001905,0.001905,0.001871,0.001882,0.001882,0.001909,0.001946,0.001946,0.001909,0.001921,0.001921
4,0,src/java/org/apache/cassandra/hadoop/ColumnFamilyInputFormat.java,0.009349,0.009524,0.009524,0.009349,0.009407,0.009407,0.009536,0.009728,0.009728,0.009536,0.009600,0.009600
4,0,src/java/org/apache/cassandra/hadoop/ColumnFamilySplit.java,0.009349,0.009524,0.009524,0.009349,0.009407,0.009407,0.009536,0.009728,0.009728,0.009536,0.009600,0.009600
4,0,src/java/org/apache/cassandra/hadoop/ColumnFamilyRecordWriter.java,0.009349,0.009524,0.009524,0.009349,0.009407,0.009407,0.009536,0.009728,0.009728,0.009536,0.009600,0.009600
4,0,src/java/org/apache/cassandra/hadoop/ColumnFamilyRecordReader.java,0.009349,0.009524,0.009524,0.009349,0.009407,0.009407,0.009536,0.009728,0.009728,0.009536,0.009600,0.009600
4,0,src/java/org/apache/cassandra/hadoop/ColumnFamilyOutputFormat.java,0.009349,0.009524,0.009524,0.009349,0.009407,0.009407,0.009536,0.009728,0.009728,0.009536,0.009600,0.009600
4,1,test/unit/org/apache/cassandra/db/TableTest.java,0.001870,0.001905,0.001905,0.001870,0.001870,0.001870,0.001907,0.001946,0.001946,0.001907,0.001907,0.001907
4,2,src/java/org/apache/cassandra/service/EmbeddedCassandraService.java,0.001753,0.001905,0.001905,0.001753,0.001870,0.001870,0.001779,0.001946,0.001946,0.001779,0.001907,0.001907
5,0,test/unit/org/apache/cassandra/utils/MerkleTreeTest.java,0.001905,0.001905,0.001905,0.001905,0.001905,0.001905,0.001946,0.001946,0.001946,0.001946,0.001946,0.001946
5,1,test/unit/org/apache/cassandra/utils/UUIDTests.java,0.001905,0.001905,0.001905,0.001905,0.001905,0.001905,0.001946,0.001946,0.001946,0.001946,0.001946,0.001946
5,2,test/unit/org/apache/cassandra/service/InitClientTest.java,0.001905,0.001905,0.001905,0.001905,0.001905,0.001905,0.001946,0.001946,0.001946,0.001946,0.001946,0.001946
5,3,test/unit/org/apache/cassandra/dht/RangeTest.java,0.001905,0.001905,0.001905,0.001905,0.001905,0.001905,0.001946,0.001946,0.001946,0.001946,0.001946,0.001946
5,4,test/unit/org/apache/cassandra/config/ColumnDefinitionTest.java,0.001905,0.001905,0.001905,0.001905,0.001905,0.001905,0.001946,0.001946,0.001946,0.001946,0.001946,0.001946
5,5,test/unit/org/apache/cassandra/gms/ArrivalWindowTest.java,0.001905,0.001905,0.001905,0.001905,0.001905,0.001905,0.001946,0.001946,0.001946,0.001946,0.001946,0.001946
5,6,test/unit/org/apache/cassandra/utils/FBUtilitiesTest.java,0.001905,0.001905,0.001905,0.001905,0.001905,0.001905,0.001946,0.001946,0.001946,0.001946,0.001946,0.001946
5,7,test/unit/org/apache/cassandra/utils/ByteBufferUtilTest.java,0.001905,0.001905,0.001905,0.001905,0.001905,0.001905,0.001946,0.001946,0.001946,0.001946,0.001946,0.001946
5,8,test/unit/org/apache/cassandra/locator/NetworkTopologyStrategyTest.java,0.001905,0.001905,0.001905,0.001905,0.001905,0.001905,0.001946,0.001946,0.001946,0.001946,0.001946,0.001946
5,9,test/unit/org/apache/cassandra/io/util/BufferedRandomAccessFileTest.java,0.001905,0.001905,0.001905,0.001905,0.001905,0.001905,0.001946,0.001946,0.001946,0.001946,0.001946,0.001946
5,10,test/unit/org/apache/cassandra/db/marshal/TimeUUIDTypeTest.java,0.001905,0.001905,0.001905,0.001905,0.001905,0.001905,0.001946,0.001946,0.001946,0.001946,0.001946,0.001946
5,11,test/unit/org/apache/cassandra/tools/SSTableExportTest.java,0.003810,0.003810,0.003810,0.003810,0.003810,0.003810,0.003891,0.003891,0.003891,0.003891,0.003891,0.003891
5,11,src/java/org/apache/cassandra/tools/SSTableExport.java,0.003810,0.003810,0.003810,0.003810,0.003810,0.003810,0.003891,0.003891,0.003891,0.003891,0.003891,0.003891
5,12,test/unit/org/apache/cassandra/service/RemoveTest.java,0.003810,0.003810,0.003810,0.003810,0.003810,0.003810,0.003891,0.003891,0.003891,0.003891,0.003891,0.003891
5,12,test/unit/org/apache/cassandra/streaming/StreamUtil.java,0.003810,0.003810,0.003810,0.003810,0.003810,0.003810,0.003891,0.003891,0.003891,0.003891,0.003891,0.003891
5,13,test/unit/org/apache/cassandra/service/StorageServiceAccessor.java,0.003810,0.003810,0.003810,0.003810,0.003810,0.003810,0.003891,0.003891,0.003891,0.003891,0.003891,0.003891
5,13,test/unit/org/apache/cassandra/locator/SimpleStrategyTest.java,0.003810,0.003810,0.003810,0.003810,0.003810,0.003810,0.003891,0.003891,0.003891,0.003891,0.003891,0.003891
5,14,src/java/org/apache/cassandra/locator/RackInferringSnitch.java,0.003810,0.003810,0.003810,0.003810,0.003810,0.003810,0.003891,0.003891,0.003891,0.003891,0.003891,0.003891
5,14,test/unit/org/apache/cassandra/locator/OldNetworkTopologyStrategyTest.java,0.003810,0.003810,0.003810,0.003810,0.003810,0.003810,0.003891,0.003891,0.003891,0.003891,0.003891,0.003891
5,15,test/unit/org/apache/cassandra/locator/EC2SnitchTest.java,0.003810,0.003810,0.003810,0.003810,0.003810,0.003810,0.003891,0.003891,0.003891,0.003891,0.003891,0.003891
5,15,src/java/org/apache/cassandra/locator/Ec2Snitch.java,0.003810,0.003810,0.003810,0.003810,0.003810,0.003810,0.003891,0.003891,0.003891,0.003891,0.003891,0.003891
5,16,src/java/org/apache/cassandra/dht/CollatingOrderPreservingPartitioner.java,0.003810,0.003810,0.003810,0.003810,0.003810,0.003810,0.003891,0.003891,0.003891,0.003891,0.003891,0.003891
5,16,test/unit/org/apache/cassandra/dht/CollatingOrderPreservingPartitionerTest.java,0.003810,0.003810,0.003810,0.003810,0.003810,0.003810,0.003891,0.003891,0.003891,0.003891,0.003891,0.003891
5,17,src/java/org/apache/cassandra/hadoop/streaming/AvroResolver.java,0.003810,0.003810,0.003810,0.003810,0.003810,0.003810,0.003891,0.003891,0.003891,0.003891,0.003891,0.003891
5,17,src/java/org/apache/cassandra/hadoop/streaming/AvroOutputReader.java,0.003810,0.003810,0.003810,0.003810,0.003810,0.003810,0.003891,0.003891,0.003891,0.003891,0.003891,0.003891
5,18,src/java/org/apache/cassandra/db/ColumnFamilyNotDefinedException.java,0.003810,0.003810,0.003810,0.003810,0.003810,0.003810,0.003891,0.003891,0.003891,0.003891,0.003891,0.003891
5,18,test/unit/org/apache/cassandra/db/ReadMessageTest.java,0.003810,0.003810,0.003810,0.003810,0.003810,0.003810,0.003891,0.003891,0.003891,0.003891,0.003891,0.003891
5,19,contrib/circuit/src/org/apache/cassandra/contrib/circuit/RingPanel.java,0.007619,0.007619,0.007619,0.007619,0.007619,0.007619,0.007782,0.007782,0.007782,0.007782,0.007782,0.007782
5,19,contrib/circuit/src/org/apache/cassandra/contrib/circuit/RingModel.java,0.007619,0.007619,0.007619,0.007619,0.007619,0.007619,0.007782,0.007782,0.007782,0.007782,0.007782,0.007782
5,19,contrib/circuit/src/org/apache/cassandra/contrib/circuit/CircuitFrame.java,0.007619,0.007619,0.007619,0.007619,0.007619,0.007619,0.007782,0.007782,0.007782,0.007782,0.007782,0.007782
5,19,contrib/circuit/src/org/apache/cassandra/contrib/circuit/AboutDialog.java,0.007619,0.007619,0.007619,0.007619,0.007619,0.007619,0.007782,0.007782,0.007782,0.007782,0.007782,0.007782
5,20,src/java/org/apache/cassandra/utils/XMLUtils.java,0.003810,0.003810,0.003810,0.003810,0.003810,0.003810,0.003891,0.003891,0.003891,0.003891,0.003891,0.003891
5,20,src/java/org/apache/cassandra/config/Converter.java,0.003810,0.003810,0.003810,0.003810,0.003810,0.003810,0.003891,0.003891,0.003891,0.003891,0.003891,0.003891
5,21,contrib/javautils/src/test/java/org/apache/cassandra/contrib/utils/service/CassandraServiceTest.java,0.003810,0.003810,0.003810,0.003810,0.003810,0.003810,0.003891,0.003891,0.003891,0.003891,0.003891,0.003891
5,21,contrib/javautils/src/main/java/org/apache/cassandra/contrib/utils/service/CassandraServiceDataCleaner.java,0.003810,0.003810,0.003810,0.003810,0.003810,0.003810,0.003891,0.003891,0.003891,0.003891,0.003891,0.003891
5,22,contrib/stress/src/org/apache/cassandra/contrib/stress/util/Operation.java,0.015238,0.015238,0.011794,0.011794,0.015238,0.011794,0.012046,0.015564,0.012046,0.012046,0.015564,0.012046
5,22,contrib/stress/src/org/apache/cassandra/contrib/stress/operations/Reader.java,0.015238,0.015238,0.011794,0.011794,0.015238,0.011794,0.012046,0.015564,0.012046,0.012046,0.015564,0.012046
5,22,contrib/stress/src/org/apache/cassandra/contrib/stress/operations/RangeSlicer.java,0.015238,0.015238,0.011794,0.011794,0.015238,0.011794,0.012046,0.015564,0.012046,0.012046,0.015564,0.012046
5,22,contrib/stress/src/org/apache/cassandra/contrib/stress/operations/MultiGetter.java,0.015238,0.015238,0.011794,0.011794,0.015238,0.011794,0.012046,0.015564,0.012046,0.012046,0.015564,0.012046
5,22,contrib/stress/src/org/apache/cassandra/contrib/stress/operations/Inserter.java,0.015238,0.015238,0.011794,0.011794,0.015238,0.011794,0.012046,0.015564,0.012046,0.012046,0.015564,0.012046
5,22,contrib/stress/src/org/apache/cassandra/contrib/stress/operations/IndexedRangeSlicer.java,0.015238,0.015238,0.011794,0.011794,0.015238,0.011794,0.012046,0.015564,0.012046,0.012046,0.015564,0.012046
5,22,contrib/stress/src/org/apache/cassandra/contrib/stress/Stress.java,0.015238,0.015238,0.011794,0.011794,0.015238,0.011794,0.012046,0.015564,0.012046,0.012046,0.015564,0.012046
5,22,contrib/stress/src/org/apache/cassandra/contrib/stress/Session.java,0.015238,0.015238,0.011794,0.011794,0.015238,0.011794,0.012046,0.015564,0.012046,0.012046,0.015564,0.012046
5,23,contrib/word_count/src/WordCountSetup.java,0.003810,0.003810,0.003810,0.003810,0.003810,0.003810,0.003891,0.003891,0.003891,0.003891,0.003891,0.003891
5,23,contrib/word_count/src/WordCount.java,0.003810,0.003810,0.003810,0.003810,0.003810,0.003810,0.003891,0.003891,0.003891,0.003891,0.003891,0.003891
5,24,src/java/org/apache/cassandra/db/marshal/LexicalUUIDType.java,0.019048,0.019048,0.013314,0.013314,0.019048,0.013314,0.013599,0.019455,0.013599,0.013599,0.019455,0.013599
5,24,test/unit/org/apache/cassandra/cli/CliTest.java,0.019048,0.019048,0.013314,0.013314,0.019048,0.013314,0.013599,0.019455,0.013599,0.013599,0.019455,0.013599
5,24,src/java/org/apache/cassandra/cli/CliUtils.java,0.019048,0.019048,0.013314,0.013314,0.019048,0.013314,0.013599,0.019455,0.013599,0.013599,0.019455,0.013599
5,24,src/java/org/apache/cassandra/cli/CliUserHelp.java,0.019048,0.019048,0.013314,0.013314,0.019048,0.013314,0.013599,0.019455,0.013599,0.013599,0.019455,0.013599
5,24,src/java/org/apache/cassandra/cli/CliSessionState.java,0.019048,0.019048,0.013314,0.013314,0.019048,0.013314,0.013599,0.019455,0.013599,0.013599,0.019455,0.013599
5,24,src/java/org/apache/cassandra/cli/CliOptions.java,0.019048,0.019048,0.013314,0.013314,0.019048,0.013314,0.013599,0.019455,0.013599,0.013599,0.019455,0.013599
5,24,src/java/org/apache/cassandra/cli/CliMain.java,0.019048,0.019048,0.013314,0.013314,0.019048,0.013314,0.013599,0.019455,0.013599,0.013599,0.019455,0.013599
5,24,src/java/org/apache/cassandra/cli/CliCompleter.java,0.019048,0.019048,0.013314,0.013314,0.019048,0.013314,0.013599,0.019455,0.013599,0.013599,0.019455,0.013599
5,24,src/java/org/apache/cassandra/cli/CliCompiler.java,0.019048,0.019048,0.013314,0.013314,0.019048,0.013314,0.013599,0.019455,0.013599,0.013599,0.019455,0.013599
5,24,src/java/org/apache/cassandra/cli/CliClient.java,0.019048,0.019048,0.013314,0.013314,0.019048,0.013314,0.013599,0.019455,0.013599,0.013599,0.019455,0.013599
5,25,src/java/org/apache/cassandra/avro/KeyspaceNotDefinedException.java,0.011429,0.011429,0.010266,0.010266,0.011429,0.010266,0.010485,0.011673,0.010485,0.010485,0.011673,0.010485
5,25,src/java/org/apache/cassandra/avro/CassandraServer.java,0.011429,0.011429,0.010266,0.010266,0.011429,0.010266,0.010485,0.011673,0.010485,0.010485,0.011673,0.010485
5,25,src/java/org/apache/cassandra/avro/CassandraDaemon.java,0.011429,0.011429,0.010266,0.010266,0.011429,0.010266,0.010485,0.011673,0.010485,0.010485,0.011673,0.010485
5,25,src/java/org/apache/cassandra/avro/AvroValidation.java,0.011429,0.011429,0.010266,0.010266,0.011429,0.010266,0.010485,0.011673,0.010485,0.010485,0.011673,0.010485
5,25,src/java/org/apache/cassandra/avro/AvroRecordFactory.java,0.011429,0.011429,0.010266,0.010266,0.011429,0.010266,0.010485,0.011673,0.010485,0.010485,0.011673,0.010485
5,25,test/unit/org/apache/cassandra/EmbeddedServer.java,0.011429,0.011429,0.010266,0.010266,0.011429,0.010266,0.010485,0.011673,0.010485,0.010485,0.011673,0.010485
5,26,test/unit/org/apache/cassandra/config/DefsTest.java,0.005714,0.005714,0.005714,0.005714,0.005714,0.005714,0.005837,0.005837,0.005837,0.005837,0.005837,0.005837
5,26,src/java/org/apache/cassandra/db/migration/RenameKeyspace.java,0.005714,0.005714,0.005714,0.005714,0.005714,0.005714,0.005837,0.005837,0.005837,0.005837,0.005837,0.005837
5,26,src/java/org/apache/cassandra/db/migration/RenameColumnFamily.java,0.005714,0.005714,0.005714,0.005714,0.005714,0.005714,0.005837,0.005837,0.005837,0.005837,0.005837,0.005837
5,27,test/unit/org/apache/cassandra/io/sstable/DescriptorTest.java,0.001905,0.001905,0.001905,0.001905,0.001905,0.001905,0.001946,0.001946,0.001946,0.001946,0.001946,0.001946
5,28,src/java/org/apache/cassandra/scheduler/RoundRobinScheduler.java,0.001905,0.001905,0.001905,0.001905,0.001905,0.001905,0.001946,0.001946,0.001946,0.001946,0.001946,0.001946
5,29,test/unit/org/apache/cassandra/gms/GossipDigestTest.java,0.001905,0.001905,0.001905,0.001905,0.001905,0.001905,0.001946,0.001946,0.001946,0.001946,0.001946,0.001946
5,30,contrib/bmt_example/CassandraBulkLoader.java,0.001905,0.001905,0.001905,0.001905,0.001905,0.001905,0.001946,0.001946,0.001946,0.001946,0.001946,0.001946
5,31,test/unit/org/apache/cassandra/utils/EstimatedHistogramTest.java,0.001905,0.001905,0.001905,0.001905,0.001905,0.001905,0.001946,0.001946,0.001946,0.001946,0.001946,0.001946
5,32,test/unit/org/apache/cassandra/concurrent/DebuggableThreadPoolExecutorTest.java,0.001905,0.001905,0.001905,0.001905,0.001905,0.001905,0.001946,0.001946,0.001946,0.001946,0.001946,0.001946
5,33,src/java/org/apache/cassandra/cache/IAggregatableCacheProvider.java,0.001905,0.001905,0.001905,0.001905,0.001905,0.001905,0.001946,0.001946,0.001946,0.001946,0.001946,0.001946
5,34,test/unit/org/apache/cassandra/utils/BoundedStatsDequeTest.java,0.001905,0.001905,0.001905,0.001905,0.001905,0.001905,0.001946,0.001946,0.001946,0.001946,0.001946,0.001946
5,35,test/unit/org/apache/cassandra/db/commitlog/CommitLogHeaderTest.java,0.001905,0.001905,0.001905,0.001905,0.001905,0.001905,0.001946,0.001946,0.001946,0.001946,0.001946,0.001946
5,36,test/unit/org/apache/cassandra/streaming/BootstrapTest.java,0.001905,0.001905,0.001905,0.001905,0.001905,0.001905,0.001946,0.001946,0.001946,0.001946,0.001946,0.001946
5,37,test/unit/org/apache/cassandra/service/SerializationsTest.java,0.001905,0.001905,0.001905,0.001905,0.001905,0.001905,0.001946,0.001946,0.001946,0.001946,0.001946,0.001946
5,38,test/unit/org/apache/cassandra/gms/SerializationsTest.java,0.001905,0.001905,0.001905,0.001905,0.001905,0.001905,0.001946,0.001946,0.001946,0.001946,0.001946,0.001946
5,39,test/long/org/apache/cassandra/utils/LongLegacyBloomFilterTest.java,0.001905,0.001905,0.001905,0.001905,0.001905,0.001905,0.001946,0.001946,0.001946,0.001946,0.001946,0.001946
5,40,test/long/org/apache/cassandra/utils/LongBloomFilterTest.java,0.001905,0.001905,0.001905,0.001905,0.001905,0.001905,0.001946,0.001946,0.001946,0.001946,0.001946,0.001946
5,41,test/unit/org/apache/cassandra/streaming/SerializationsTest.java,0.001905,0.001905,0.001905,0.001905,0.001905,0.001905,0.001946,0.001946,0.001946,0.001946,0.001946,0.001946
5,42,test/unit/org/apache/cassandra/db/marshal/TypeValidationTest.java,0.001905,0.001905,0.001905,0.001905,0.001905,0.001905,0.001946,0.001946,0.001946,0.001946,0.001946,0.001946
5,43,test/unit/org/apache/cassandra/utils/LegacyBloomFilterTest.java,0.001905,0.001905,0.001905,0.001905,0.001905,0.001905,0.001946,0.001946,0.001946,0.001946,0.001946,0.001946
5,44,test/unit/org/apache/cassandra/utils/BloomFilterTest.java,0.001905,0.001905,0.001905,0.001905,0.001905,0.001905,0.001946,0.001946,0.001946,0.001946,0.001946,0.001946
5,45,test/unit/org/apache/cassandra/utils/SerializationsTest.java,0.001905,0.001905,0.001905,0.001905,0.001905,0.001905,0.001946,0.001946,0.001946,0.001946,0.001946,0.001946
5,46,test/unit/org/apache/cassandra/service/StorageServiceClientTest.java,0.001905,0.001905,0.001905,0.001905,0.001905,0.001905,0.001946,0.001946,0.001946,0.001946,0.001946,0.001946
5,47,test/unit/org/apache/cassandra/io/sstable/LegacySSTableTest.java,0.001905,0.001905,0.001905,0.001905,0.001905,0.001905,0.001946,0.001946,0.001946,0.001946,0.001946,0.001946
5,48,test/unit/org/apache/cassandra/io/BloomFilterTrackerTest.java,0.001905,0.001905,0.001905,0.001905,0.001905,0.001905,0.001946,0.001946,0.001946,0.001946,0.001946,0.001946
5,49,test/unit/org/apache/cassandra/config/DatabaseDescriptorTest.java,0.001905,0.001905,0.001905,0.001905,0.001905,0.001905,0.001946,0.001946,0.001946,0.001946,0.001946,0.001946
5,50,test/unit/org/apache/cassandra/dht/BootStrapperTest.java,0.001905,0.001905,0.001905,0.001905,0.001905,0.001905,0.001946,0.001946,0.001946,0.001946,0.001946,0.001946
5,51,test/unit/org/apache/cassandra/service/StorageServiceServerTest.java,0.001905,0.001905,0.001905,0.001905,0.001905,0.001905,0.001946,0.001946,0.001946,0.001946,0.001946,0.001946
5,52,test/unit/org/apache/cassandra/io/CompactSerializerTest.java,0.003810,0.003810,0.003810,0.003810,0.003810,0.003810,0.003891,0.003891,0.003891,0.003891,0.003891,0.003891
5,52,test/unit/org/apache/cassandra/service/CassandraServerTest.java,0.003810,0.003810,0.003810,0.003810,0.003810,0.003810,0.003891,0.003891,0.003891,0.003891,0.003891,0.003891
5,53,test/unit/org/apache/cassandra/db/CommitLogTest.java,0.001905,0.001905,0.001905,0.001905,0.001905,0.001905,0.001946,0.001946,0.001946,0.001946,0.001946,0.001946
5,54,test/unit/org/apache/cassandra/io/LazilyCompactedRowTest.java,0.001905,0.001905,0.001905,0.001905,0.001905,0.001905,0.001946,0.001946,0.001946,0.001946,0.001946,0.001946
5,55,test/distributed/org/apache/cassandra/MovementTest.java,0.001905,0.001905,0.001905,0.001905,0.001905,0.001905,0.001946,0.001946,0.001946,0.001946,0.001946,0.001946
5,56,test/unit/org/apache/cassandra/db/ColumnFamilyTest.java,0.001905,0.001905,0.001905,0.001905,0.001905,0.001905,0.001946,0.001946,0.001946,0.001946,0.001946,0.001946
5,57,test/unit/org/apache/cassandra/db/SerializationsTest.java,0.001905,0.001905,0.001905,0.001905,0.001905,0.001905,0.001946,0.001946,0.001946,0.001946,0.001946,0.001946
5,58,test/unit/org/apache/cassandra/db/migration/SerializationsTest.java,0.001905,0.001905,0.001905,0.001905,0.001905,0.001905,0.001946,0.001946,0.001946,0.001946,0.001946,0.001946
5,59,test/unit/org/apache/cassandra/locator/DynamicEndpointSnitchTest.java,0.001905,0.001905,0.001905,0.001905,0.001905,0.001905,0.001946,0.001946,0.001946,0.001946,0.001946,0.001946
5,60,contrib/client_only/src/ClientOnlyExample.java,0.001905,0.001905,0.001905,0.001905,0.001905,0.001905,0.001946,0.001946,0.001946,0.001946,0.001946,0.001946
5,61,contrib/pig/src/java/org/apache/cassandra/hadoop/pig/CassandraStorage.java,0.001905,0.001905,0.001905,0.001905,0.001905,0.001905,0.001946,0.001946,0.001946,0.001946,0.001946,0.001946
5,62,test/unit/org/apache/cassandra/db/RemoveColumnFamilyWithFlush1Test.java,0.009524,0.009524,0.009524,0.009524,0.009524,0.009524,0.009728,0.009728,0.009728,0.009728,0.009728,0.009728
5,62,test/unit/org/apache/cassandra/db/RemoveSubColumnTest.java,0.009524,0.009524,0.009524,0.009524,0.009524,0.009524,0.009728,0.009728,0.009728,0.009728,0.009728,0.009728
5,62,test/unit/org/apache/cassandra/db/RemoveColumnTest.java,0.009524,0.009524,0.009524,0.009524,0.009524,0.009524,0.009728,0.009728,0.009728,0.009728,0.009728,0.009728
5,62,test/unit/org/apache/cassandra/db/RemoveColumnFamilyWithFlush2Test.java,0.009524,0.009524,0.009524,0.009524,0.009524,0.009524,0.009728,0.009728,0.009728,0.009728,0.009728,0.009728
5,62,test/unit/org/apache/cassandra/db/RemoveColumnFamilyTest.java,0.009524,0.009524,0.009524,0.009524,0.009524,0.009524,0.009728,0.009728,0.009728,0.009728,0.009728,0.009728
5,63,test/unit/org/apache/cassandra/service/StorageProxyTest.java,0.001905,0.001905,0.001905,0.001905,0.001905,0.001905,0.001946,0.001946,0.001946,0.001946,0.001946,0.001946
5,64,test/unit/org/apache/cassandra/db/RowIterationTest.java,0.001905,0.001905,0.001905,0.001905,0.001905,0.001905,0.001946,0.001946,0.001946,0.001946,0.001946,0.001946
5,65,test/unit/org/apache/cassandra/db/RowCacheTest.java,0.001905,0.001905,0.001905,0.001905,0.001905,0.001905,0.001946,0.001946,0.001946,0.001946,0.001946,0.001946
5,66,test/unit/org/apache/cassandra/db/RemoveSuperColumnTest.java,0.001905,0.001905,0.001905,0.001905,0.001905,0.001905,0.001946,0.001946,0.001946,0.001946,0.001946,0.001946
5,67,test/unit/org/apache/cassandra/locator/TokenMetadataTest.java,0.001905,0.001905,0.001905,0.001905,0.001905,0.001905,0.001946,0.001946,0.001946,0.001946,0.001946,0.001946
5,68,test/unit/org/apache/cassandra/db/RecoveryManagerTruncateTest.java,0.001905,0.001905,0.001905,0.001905,0.001905,0.001905,0.001946,0.001946,0.001946,0.001946,0.001946,0.001946
5,69,test/unit/org/apache/cassandra/db/RecoveryManagerTest.java,0.001905,0.001905,0.001905,0.001905,0.001905,0.001905,0.001946,0.001946,0.001946,0.001946,0.001946,0.001946
5,70,test/unit/org/apache/cassandra/db/RecoveryManager2Test.java,0.001905,0.001905,0.001905,0.001905,0.001905,0.001905,0.001946,0.001946,0.001946,0.001946,0.001946,0.001946
5,71,test/unit/org/apache/cassandra/db/OneCompactionTest.java,0.001905,0.001905,0.001905,0.001905,0.001905,0.001905,0.001946,0.001946,0.001946,0.001946,0.001946,0.001946
5,72,test/unit/org/apache/cassandra/db/NameSortTest.java,0.001905,0.001905,0.001905,0.001905,0.001905,0.001905,0.001946,0.001946,0.001946,0.001946,0.001946,0.001946
5,73,test/unit/org/apache/cassandra/db/MultitableTest.java,0.001905,0.001905,0.001905,0.001905,0.001905,0.001905,0.001946,0.001946,0.001946,0.001946,0.001946,0.001946
5,74,test/unit/org/apache/cassandra/db/CompactionsPurgeTest.java,0.001905,0.001905,0.001905,0.001905,0.001905,0.001905,0.001946,0.001946,0.001946,0.001946,0.001946,0.001946
5,75,test/unit/org/apache/cassandra/db/CleanupTest.java,0.001905,0.001905,0.001905,0.001905,0.001905,0.001905,0.001946,0.001946,0.001946,0.001946,0.001946,0.001946
5,76,test/unit/org/apache/cassandra/db/CompactionsTest.java,0.001905,0.001905,0.001905,0.001905,0.001905,0.001905,0.001946,0.001946,0.001946,0.001946,0.001946,0.001946
5,77,test/unit/org/apache/cassandra/auth/SimpleAuthorityTest.java,0.001905,0.001905,0.001905,0.001905,0.001905,0.001905,0.001946,0.001946,0.001946,0.001946,0.001946,0.001946
5,78,test/unit/org/apache/cassandra/service/AntiEntropyServiceTest.java,0.001905,0.001905,0.001905,0.001905,0.001905,0.001905,0.001946,0.001946,0.001946,0.001946,0.001946,0.001946
5,79,test/unit/org/apache/cassandra/db/ScrubTest.java,0.001905,0.001905,0.001905,0.001905,0.001905,0.001905,0.001946,0.001946,0.001946,0.001946,0.001946,0.001946
5,80,test/unit/org/apache/cassandra/db/RecoveryManager3Test.java,0.001905,0.001905,0.001905,0.001905,0.001905,0.001905,0.001946,0.001946,0.001946,0.001946,0.001946,0.001946
5,81,test/unit/org/apache/cassandra/io/sstable/SSTableTest.java,0.001905,0.001905,0.001905,0.001905,0.001905,0.001905,0.001946,0.001946,0.001946,0.001946,0.001946,0.001946
5,82,test/unit/org/apache/cassandra/tools/SSTableImportTest.java,0.001905,0.001905,0.001905,0.001905,0.001905,0.001905,0.001946,0.001946,0.001946,0.001946,0.001946,0.001946
5,83,test/unit/org/apache/cassandra/io/sstable/SSTableReaderTest.java,0.001905,0.001905,0.001905,0.001905,0.001905,0.001905,0.001946,0.001946,0.001946,0.001946,0.001946,0.001946
5,84,test/unit/org/apache/cassandra/db/KeyCacheTest.java,0.001905,0.001905,0.001905,0.001905,0.001905,0.001905,0.001946,0.001946,0.001946,0.001946,0.001946,0.001946
5,85,test/unit/org/apache/cassandra/io/sstable/SSTableWriterTest.java,0.001905,0.001905,0.001905,0.001905,0.001905,0.001905,0.001946,0.001946,0.001946,0.001946,0.001946,0.001946
5,86,test/unit/org/apache/cassandra/db/SuperColumnTest.java,0.001905,0.001905,0.001905,0.001905,0.001905,0.001905,0.001946,0.001946,0.001946,0.001946,0.001946,0.001946
5,87,test/unit/org/apache/cassandra/locator/ReplicationStrategyEndpointCacheTest.java,0.001905,0.001905,0.001905,0.001905,0.001905,0.001905,0.001946,0.001946,0.001946,0.001946,0.001946,0.001946
5,88,test/unit/org/apache/cassandra/hadoop/ColumnFamilyInputFormatTest.java,0.001905,0.001905,0.001905,0.001905,0.001905,0.001905,0.001946,0.001946,0.001946,0.001946,0.001946,0.001946
5,89,test/unit/org/apache/cassandra/service/RowResolverTest.java,0.001905,0.001905,0.001905,0.001905,0.001905,0.001905,0.001946,0.001946,0.001946,0.001946,0.001946,0.001946
5,90,test/unit/org/apache/cassandra/io/sstable/IndexHelperTest.java,0.001905,0.001905,0.001905,0.001905,0.001905,0.001905,0.001946,0.001946,0.001946,0.001946,0.001946,0.001946
5,91,test/unit/org/apache/cassandra/db/marshal/IntegerTypeTest.java,0.001905,0.001905,0.001905,0.001905,0.001905,0.001905,0.001946,0.001946,0.001946,0.001946,0.001946,0.001946
5,92,test/unit/org/apache/cassandra/streaming/StreamingTransferTest.java,0.001905,0.001905,0.001905,0.001905,0.001905,0.001905,0.001946,0.001946,0.001946,0.001946,0.001946,0.001946
5,93,test/long/org/apache/cassandra/db/LongCompactionSpeedTest.java,0.001905,0.001905,0.001905,0.001905,0.001905,0.001905,0.001946,0.001946,0.001946,0.001946,0.001946,0.001946
5,94,test/unit/org/apache/cassandra/dht/RandomPartitionerTest.java,0.001905,0.001905,0.001905,0.001905,0.001905,0.001905,0.001946,0.001946,0.001946,0.001946,0.001946,0.001946
5,95,test/unit/org/apache/cassandra/dht/OrderPreservingPartitionerTest.java,0.001905,0.001905,0.001905,0.001905,0.001905,0.001905,0.001946,0.001946,0.001946,0.001946,0.001946,0.001946
5,96,test/unit/org/apache/cassandra/dht/ByteOrderedPartitionerTest.java,0.001905,0.001905,0.001905,0.001905,0.001905,0.001905,0.001946,0.001946,0.001946,0.001946,0.001946,0.001946
5,97,test/unit/org/apache/cassandra/db/TimeSortTest.java,0.001905,0.001905,0.001905,0.001905,0.001905,0.001905,0.001946,0.001946,0.001946,0.001946,0.001946,0.001946
5,98,test/unit/org/apache/cassandra/service/MoveTest.java,0.001905,0.001905,0.001905,0.001905,0.001905,0.001905,0.001946,0.001946,0.001946,0.001946,0.001946,0.001946
5,99,test/unit/org/apache/cassandra/service/ConsistencyLevelTest.java,0.001905,0.001905,0.001905,0.001905,0.001905,0.001905,0.001946,0.001946,0.001946,0.001946,0.001946,0.001946
5,100,test/distributed/org/apache/cassandra/MutationTest.java,0.001905,0.001905,0.001905,0.001905,0.001905,0.001905,0.001946,0.001946,0.001946,0.001946,0.001946,0.001946
5,101,test/unit/org/apache/cassandra/client/TestRingCache.java,0.001905,0.001905,0.001905,0.001905,0.001905,0.001905,0.001946,0.001946,0.001946,0.001946,0.001946,0.001946
5,102,test/unit/org/apache/cassandra/service/EmbeddedCassandraServiceTest.java,0.001905,0.001905,0.001905,0.001905,0.001905,0.001905,0.001946,0.001946,0.001946,0.001946,0.001946,0.001946
5,103,test/unit/org/apache/cassandra/db/RowTest.java,0.001905,0.001905,0.001905,0.001905,0.001905,0.001905,0.001946,0.001946,0.001946,0.001946,0.001946,0.001946
5,104,src/java/org/apache/cassandra/tools/ClusterCmd.java,0.001905,0.001905,0.001905,0.001905,0.001905,0.001905,0.001946,0.001946,0.001946,0.001946,0.001946,0.001946
5,105,src/java/org/apache/cassandra/tools/SchemaTool.java,0.001905,0.001905,0.001905,0.001905,0.001905,0.001905,0.001946,0.001946,0.001946,0.001946,0.001946,0.001946
5,106,test/unit/org/apache/cassandra/db/marshal/TypeCompareTest.java,0.001905,0.001905,0.001905,0.001905,0.001905,0.001905,0.001946,0.001946,0.001946,0.001946,0.001946,0.001946
5,107,test/unit/org/apache/cassandra/db/ColumnFamilyStoreTest.java,0.001905,0.001905,0.001905,0.001905,0.001905,0.001905,0.001946,0.001946,0.001946,0.001946,0.001946,0.001946
5,108,test/long/org/apache/cassandra/db/LongTableTest.java,0.001905,0.001905,0.001905,0.001905,0.001905,0.001905,0.001946,0.001946,0.001946,0.001946,0.001946,0.001946
5,109,src/java/org/apache/cassandra/tools/NodeCmd.java,0.001905,0.001905,0.001905,0.001905,0.001905,0.001905,0.001946,0.001946,0.001946,0.001946,0.001946,0.001946
6,0,src/java/org/apache/cassandra/net/HeaderTypes.java,0.001905,0.001905,0.001905,0.001905,0.001905,0.001905,0.000000,0.000000,0.000000,0.000000,0.000000,0.000000
6,1,src/java/org/apache/cassandra/gms/PureRandom.java,0.001905,0.001905,0.001905,0.001905,0.001905,0.001905,0.000000,0.000000,0.000000,0.000000,0.000000,0.000000
6,2,src/java/org/apache/cassandra/gms/IFailureNotification.java,0.001905,0.001905,0.001905,0.001905,0.001905,0.001905,0.000000,0.000000,0.000000,0.000000,0.000000,0.000000
6,3,src/java/org/apache/cassandra/utils/DestructivePQIterator.java,0.001905,0.001905,0.001905,0.001905,0.001905,0.001905,0.000000,0.000000,0.000000,0.000000,0.000000,0.000000
6,4,interface/thrift/gen-java/org/apache/cassandra/thrift/RowPredicate.java,0.001905,0.001905,0.001905,0.001905,0.001905,0.001905,0.000000,0.000000,0.000000,0.000000,0.000000,0.000000
6,5,src/java/org/apache/cassandra/utils/CloseableIterator.java,0.001905,0.001905,0.001905,0.001905,0.001905,0.001905,0.000000,0.000000,0.000000,0.000000,0.000000,0.000000
6,6,src/java/org/apache/cassandra/concurrent/Context.java,0.001905,0.001905,0.001905,0.001905,0.001905,0.001905,0.000000,0.000000,0.000000,0.000000,0.000000,0.000000
6,7,src/java/org/apache/cassandra/net/ProtocolHeader.java,0.001905,0.001905,0.001905,0.001905,0.001905,0.001905,0.000000,0.000000,0.000000,0.000000,0.000000,0.000000
6,8,src/java/org/apache/cassandra/config/ReplicationStrategy.java,0.001905,0.001905,0.001905,0.001905,0.001905,0.001905,0.000000,0.000000,0.000000,0.000000,0.000000,0.000000
6,9,interface/thrift/gen-java/org/apache/cassandra/thrift/KeyCount.java,0.001905,0.001905,0.001905,0.001905,0.001905,0.001905,0.000000,0.000000,0.000000,0.000000,0.000000,0.000000
6,10,src/java/org/apache/cassandra/concurrent/AIOExecutorService.java,0.001905,0.001905,0.001905,0.001905,0.001905,0.001905,0.000000,0.000000,0.000000,0.000000,0.000000,0.000000
 , ,525.000000,0.451067,1.000000,0.584904,0.398940,0.561248,0.455477,0.399798,1.000000,0.576020,0.376841,0.528055,0.436820
