0,0,tika-core/src/main/java/org/apache/tika/exception/TikaException.java,0.000535,0.002155,0.002155,0.000535,0.001406,0.001406,0.000488,0.002232,0.002232,0.000488,0.001426,0.001426
0,1,tika-core/src/main/java/org/apache/tika/metadata/PropertyTypeException.java,0.000846,0.004310,0.004310,0.000846,0.003770,0.003770,0.000735,0.004464,0.004464,0.000735,0.003883,0.003883
0,1,tika-core/src/main/java/org/apache/tika/metadata/Property.java,0.000846,0.004310,0.004310,0.000846,0.003770,0.003770,0.000735,0.004464,0.004464,0.000735,0.003883,0.003883
0,2,tika-core/src/main/java/org/apache/tika/mime/MediaType.java,0.000693,0.002155,0.002155,0.000693,0.001620,0.001620,0.000658,0.002232,0.002232,0.000658,0.001656,0.001656
0,3,tika-core/src/main/java/org/apache/tika/io/ClosedInputStream.java,0.000988,0.002155,0.002155,0.000988,0.002145,0.002145,0.000976,0.002232,0.002232,0.000976,0.002221,0.002221
0,4,tika-core/src/main/java/org/apache/tika/io/ProxyInputStream.java,0.000902,0.002155,0.002155,0.000902,0.002130,0.002130,0.000883,0.002232,0.002232,0.000883,0.002205,0.002205
0,5,tika-core/src/main/java/org/apache/tika/io/IOUtils.java,0.000917,0.002155,0.002155,0.000917,0.002053,0.002053,0.000899,0.002232,0.002232,0.000899,0.002122,0.002122
0,6,tika-core/src/main/java/org/apache/tika/sax/ContentHandlerDecorator.java,0.000683,0.002155,0.002155,0.000683,0.002048,0.002048,0.000647,0.002232,0.002232,0.000647,0.002117,0.002117
0,7,tika-core/src/main/java/org/apache/tika/sax/ToTextContentHandler.java,0.000958,0.002155,0.002155,0.000958,0.002140,0.002140,0.000943,0.002232,0.002232,0.000943,0.002216,0.002216
0,8,tika-core/src/main/java/org/apache/tika/sax/xpath/XPathParser.java,0.010817,0.023707,0.015912,0.007260,0.023483,0.015761,0.010678,0.024554,0.016480,0.007167,0.024312,0.016318
0,8,tika-core/src/main/java/org/apache/tika/sax/xpath/TextMatcher.java,0.010817,0.023707,0.015912,0.007260,0.023483,0.015761,0.010678,0.024554,0.016480,0.007167,0.024312,0.016318
0,8,tika-core/src/main/java/org/apache/tika/sax/xpath/SubtreeMatcher.java,0.010817,0.023707,0.015912,0.007260,0.023483,0.015761,0.010678,0.024554,0.016480,0.007167,0.024312,0.016318
0,8,tika-core/src/main/java/org/apache/tika/sax/xpath/NodeMatcher.java,0.010817,0.023707,0.015912,0.007260,0.023483,0.015761,0.010678,0.024554,0.016480,0.007167,0.024312,0.016318
0,8,tika-core/src/main/java/org/apache/tika/sax/xpath/NamedElementMatcher.java,0.010817,0.023707,0.015912,0.007260,0.023483,0.015761,0.010678,0.024554,0.016480,0.007167,0.024312,0.016318
0,8,tika-core/src/main/java/org/apache/tika/sax/xpath/NamedAttributeMatcher.java,0.010817,0.023707,0.015912,0.007260,0.023483,0.015761,0.010678,0.024554,0.016480,0.007167,0.024312,0.016318
0,8,tika-core/src/main/java/org/apache/tika/sax/xpath/Matcher.java,0.010817,0.023707,0.015912,0.007260,0.023483,0.015761,0.010678,0.024554,0.016480,0.007167,0.024312,0.016318
0,8,tika-core/src/main/java/org/apache/tika/sax/xpath/ElementMatcher.java,0.010817,0.023707,0.015912,0.007260,0.023483,0.015761,0.010678,0.024554,0.016480,0.007167,0.024312,0.016318
0,8,tika-core/src/main/java/org/apache/tika/sax/xpath/CompositeMatcher.java,0.010817,0.023707,0.015912,0.007260,0.023483,0.015761,0.010678,0.024554,0.016480,0.007167,0.024312,0.016318
0,8,tika-core/src/main/java/org/apache/tika/sax/xpath/ChildMatcher.java,0.010817,0.023707,0.015912,0.007260,0.023483,0.015761,0.010678,0.024554,0.016480,0.007167,0.024312,0.016318
0,8,tika-core/src/main/java/org/apache/tika/sax/xpath/AttributeMatcher.java,0.010817,0.023707,0.015912,0.007260,0.023483,0.015761,0.010678,0.024554,0.016480,0.007167,0.024312,0.016318
0,9,tika-core/src/main/java/org/apache/tika/config/ServiceLoader.java,0.002201,0.004310,0.004310,0.002201,0.004249,0.004249,0.002194,0.004464,0.004464,0.002194,0.004398,0.004398
0,9,tika-core/src/main/java/org/apache/tika/config/LoadErrorHandler.java,0.002201,0.004310,0.004310,0.002201,0.004249,0.004249,0.002194,0.004464,0.004464,0.002194,0.004398,0.004398
0,10,tika-core/src/main/java/org/apache/tika/detect/TextStatistics.java,0.001182,0.002155,0.002155,0.001182,0.002145,0.002145,0.001185,0.002232,0.002232,0.001185,0.002221,0.002221
0,11,tika-parsers/src/main/java/org/apache/tika/parser/iwork/AutoPageNumberUtils.java,0.001748,0.002155,0.002155,0.001748,0.002145,0.002145,0.001793,0.002232,0.002232,0.001793,0.002221,0.002221
0,12,tika-core/src/main/java/org/apache/tika/utils/CharsetUtils.java,0.001641,0.002155,0.002155,0.001641,0.002125,0.002125,0.001678,0.002232,0.002232,0.001678,0.002199,0.002199
0,13,tika-core/src/main/java/org/apache/tika/sax/TextContentHandler.java,0.001595,0.002155,0.002155,0.001595,0.002140,0.002140,0.001629,0.002232,0.002232,0.001629,0.002216,0.002216
0,14,tika-parsers/src/main/java/org/apache/tika/parser/txt/CharsetRecognizer.java,0.014144,0.017241,0.013344,0.010947,0.017119,0.013250,0.014523,0.017857,0.013821,0.011240,0.017726,0.013719
0,14,tika-parsers/src/main/java/org/apache/tika/parser/txt/CharsetRecog_sbcs.java,0.014144,0.017241,0.013344,0.010947,0.017119,0.013250,0.014523,0.017857,0.013821,0.011240,0.017726,0.013719
0,14,tika-parsers/src/main/java/org/apache/tika/parser/txt/CharsetRecog_mbcs.java,0.014144,0.017241,0.013344,0.010947,0.017119,0.013250,0.014523,0.017857,0.013821,0.011240,0.017726,0.013719
0,14,tika-parsers/src/main/java/org/apache/tika/parser/txt/CharsetRecog_Unicode.java,0.014144,0.017241,0.013344,0.010947,0.017119,0.013250,0.014523,0.017857,0.013821,0.011240,0.017726,0.013719
0,14,tika-parsers/src/main/java/org/apache/tika/parser/txt/CharsetRecog_UTF8.java,0.014144,0.017241,0.013344,0.010947,0.017119,0.013250,0.014523,0.017857,0.013821,0.011240,0.017726,0.013719
0,14,tika-parsers/src/main/java/org/apache/tika/parser/txt/CharsetRecog_2022.java,0.014144,0.017241,0.013344,0.010947,0.017119,0.013250,0.014523,0.017857,0.013821,0.011240,0.017726,0.013719
0,14,tika-parsers/src/main/java/org/apache/tika/parser/txt/CharsetMatch.java,0.014144,0.017241,0.013344,0.010947,0.017119,0.013250,0.014523,0.017857,0.013821,0.011240,0.017726,0.013719
0,14,tika-parsers/src/main/java/org/apache/tika/parser/txt/CharsetDetector.java,0.014144,0.017241,0.013344,0.010947,0.017119,0.013250,0.014523,0.017857,0.013821,0.011240,0.017726,0.013719
0,15,tika-core/src/main/java/org/apache/tika/sax/TeeContentHandler.java,0.001860,0.002155,0.002155,0.001860,0.002114,0.002114,0.001914,0.002232,0.002232,0.001914,0.002188,0.002188
0,16,tika-parsers/src/main/java/org/apache/tika/parser/mp3/MP3Frame.java,0.002089,0.002155,0.002155,0.002089,0.002140,0.002140,0.002161,0.002232,0.002232,0.002161,0.002216,0.002216
0,17,tika-core/src/main/java/org/apache/tika/utils/RegexUtils.java,0.002145,0.002155,0.002155,0.002145,0.002145,0.002145,0.002221,0.002232,0.002232,0.002221,0.002221,0.002221
0,18,tika-core/src/main/java/org/apache/tika/language/ProfilingWriter.java,0.006313,0.006466,0.006466,0.006313,0.006389,0.006389,0.006532,0.006696,0.006696,0.006532,0.006614,0.006614
0,18,tika-core/src/main/java/org/apache/tika/language/LanguageProfile.java,0.006313,0.006466,0.006466,0.006313,0.006389,0.006389,0.006532,0.006696,0.006696,0.006532,0.006614,0.006614
0,18,tika-core/src/main/java/org/apache/tika/language/LanguageIdentifier.java,0.006313,0.006466,0.006466,0.006313,0.006389,0.006389,0.006532,0.006696,0.006696,0.006532,0.006614,0.006614
0,19,tika-core/src/main/java/org/apache/tika/io/TailStream.java,0.002114,0.002155,0.002155,0.002114,0.002145,0.002145,0.002188,0.002232,0.002232,0.002188,0.002221,0.002221
1,0,tika-core/src/main/java/org/apache/tika/exception/EncryptedDocumentException.java,0.005042,0.006466,0.006466,0.005042,0.006298,0.006298,0.005158,0.006696,0.006696,0.005158,0.006515,0.006515
1,0,tika-core/src/main/java/org/apache/tika/io/EndianUtils.java,0.005042,0.006466,0.006466,0.005042,0.006298,0.006298,0.005158,0.006696,0.006696,0.005158,0.006515,0.006515
1,0,tika-core/src/main/java/org/apache/tika/language/LanguageProfilerBuilder.java,0.005042,0.006466,0.006466,0.005042,0.006298,0.006298,0.005158,0.006696,0.006696,0.005158,0.006515,0.006515
1,1,tika-core/src/main/java/org/apache/tika/metadata/Metadata.java,0.003350,0.021552,0.015064,0.002342,0.009548,0.006673,0.002654,0.022321,0.015602,0.001855,0.009351,0.006536
1,1,tika-core/src/main/java/org/apache/tika/metadata/Message.java,0.003350,0.021552,0.015064,0.002342,0.009548,0.006673,0.002654,0.022321,0.015602,0.001855,0.009351,0.006536
1,1,tika-core/src/main/java/org/apache/tika/metadata/MSOffice.java,0.003350,0.021552,0.015064,0.002342,0.009548,0.006673,0.002654,0.022321,0.015602,0.001855,0.009351,0.006536
1,1,tika-core/src/main/java/org/apache/tika/metadata/HttpHeaders.java,0.003350,0.021552,0.015064,0.002342,0.009548,0.006673,0.002654,0.022321,0.015602,0.001855,0.009351,0.006536
1,1,tika-core/src/main/java/org/apache/tika/metadata/Geographic.java,0.003350,0.021552,0.015064,0.002342,0.009548,0.006673,0.002654,0.022321,0.015602,0.001855,0.009351,0.006536
1,1,tika-core/src/main/java/org/apache/tika/metadata/CreativeCommons.java,0.003350,0.021552,0.015064,0.002342,0.009548,0.006673,0.002654,0.022321,0.015602,0.001855,0.009351,0.006536
1,1,tika-core/src/main/java/org/apache/tika/metadata/ClimateForcast.java,0.003350,0.021552,0.015064,0.002342,0.009548,0.006673,0.002654,0.022321,0.015602,0.001855,0.009351,0.006536
1,1,tika-core/src/main/java/org/apache/tika/metadata/TikaMimeKeys.java,0.003350,0.021552,0.015064,0.002342,0.009548,0.006673,0.002654,0.022321,0.015602,0.001855,0.009351,0.006536
1,1,tika-core/src/main/java/org/apache/tika/metadata/TikaMetadataKeys.java,0.003350,0.021552,0.015064,0.002342,0.009548,0.006673,0.002654,0.022321,0.015602,0.001855,0.009351,0.006536
1,1,tika-core/src/main/java/org/apache/tika/metadata/TIFF.java,0.003350,0.021552,0.015064,0.002342,0.009548,0.006673,0.002654,0.022321,0.015602,0.001855,0.009351,0.006536
1,2,tika-core/src/main/java/org/apache/tika/io/TaggedInputStream.java,0.002998,0.006466,0.006466,0.002998,0.006315,0.006315,0.002950,0.006696,0.006696,0.002950,0.006534,0.006534
1,2,tika-core/src/main/java/org/apache/tika/io/TaggedIOException.java,0.002998,0.006466,0.006466,0.002998,0.006315,0.006315,0.002950,0.006696,0.006696,0.002950,0.006534,0.006534
1,2,tika-core/src/main/java/org/apache/tika/io/IOExceptionWithCause.java,0.002998,0.006466,0.006466,0.002998,0.006315,0.006315,0.002950,0.006696,0.006696,0.002950,0.006534,0.006534
1,3,tika-core/src/main/java/org/apache/tika/sax/TaggedSAXException.java,0.002066,0.004310,0.004310,0.002066,0.004277,0.004277,0.002039,0.004464,0.004464,0.002039,0.004428,0.004428
1,3,tika-core/src/main/java/org/apache/tika/sax/TaggedContentHandler.java,0.002066,0.004310,0.004310,0.002066,0.004277,0.004277,0.002039,0.004464,0.004464,0.002039,0.004428,0.004428
1,4,tika-parsers/src/main/java/org/apache/tika/parser/mp3/MpegStream.java,0.004221,0.004310,0.004310,0.004221,0.004288,0.004288,0.004368,0.004464,0.004464,0.004368,0.004440,0.004440
1,4,tika-parsers/src/main/java/org/apache/tika/parser/mp3/AudioFrame.java,0.004221,0.004310,0.004310,0.004221,0.004288,0.004288,0.004368,0.004464,0.004464,0.004368,0.004440,0.004440
1,5,tika-parsers/src/main/java/org/apache/tika/parser/mp3/ID3v2Frame.java,0.004221,0.004310,0.004310,0.004221,0.004232,0.004232,0.004368,0.004464,0.004464,0.004368,0.004380,0.004380
1,5,tika-parsers/src/main/java/org/apache/tika/parser/mp3/ID3Tags.java,0.004221,0.004310,0.004310,0.004221,0.004232,0.004232,0.004368,0.004464,0.004464,0.004368,0.004380,0.004380
1,6,tika-parsers/src/main/java/org/apache/tika/parser/chm/accessor/ChmAccessor.java,0.013992,0.015086,0.012478,0.011573,0.014187,0.011734,0.014443,0.015625,0.012923,0.011945,0.014654,0.012120
1,6,tika-parsers/src/main/java/org/apache/tika/parser/chm/exception/ChmParsingException.java,0.013992,0.015086,0.012478,0.011573,0.014187,0.011734,0.014443,0.015625,0.012923,0.011945,0.014654,0.012120
1,6,tika-parsers/src/main/java/org/apache/tika/parser/chm/core/ChmConstants.java,0.013992,0.015086,0.012478,0.011573,0.014187,0.011734,0.014443,0.015625,0.012923,0.011945,0.014654,0.012120
1,6,tika-parsers/src/main/java/org/apache/tika/parser/chm/core/ChmCommons.java,0.013992,0.015086,0.012478,0.011573,0.014187,0.011734,0.014443,0.015625,0.012923,0.011945,0.014654,0.012120
1,6,tika-parsers/src/main/java/org/apache/tika/parser/chm/assertion/ChmAssert.java,0.013992,0.015086,0.012478,0.011573,0.014187,0.011734,0.014443,0.015625,0.012923,0.011945,0.014654,0.012120
1,6,tika-parsers/src/main/java/org/apache/tika/parser/chm/accessor/DirectoryListingEntry.java,0.013992,0.015086,0.012478,0.011573,0.014187,0.011734,0.014443,0.015625,0.012923,0.011945,0.014654,0.012120
1,6,tika-parsers/src/main/java/org/apache/tika/parser/chm/accessor/ChmLzxcResetTable.java,0.013992,0.015086,0.012478,0.011573,0.014187,0.011734,0.014443,0.015625,0.012923,0.011945,0.014654,0.012120
1,7,tika-core/src/main/java/org/apache/tika/sax/SafeContentHandler.java,0.001809,0.006466,0.006466,0.001809,0.006231,0.006231,0.001665,0.006696,0.006696,0.001665,0.006443,0.006443
1,7,tika-core/src/main/java/org/apache/tika/sax/EndDocumentShieldingContentHandler.java,0.001809,0.006466,0.006466,0.001809,0.006231,0.006231,0.001665,0.006696,0.006696,0.001665,0.006443,0.006443
1,7,tika-core/src/main/java/org/apache/tika/sax/EmbeddedContentHandler.java,0.001809,0.006466,0.006466,0.001809,0.006231,0.006231,0.001665,0.006696,0.006696,0.001665,0.006443,0.006443
1,8,tika-core/src/main/java/org/apache/tika/io/CloseShieldInputStream.java,0.000893,0.002155,0.002155,0.000893,0.002055,0.002055,0.000869,0.002232,0.002232,0.000869,0.002124,0.002124
1,9,tika-core/src/main/java/org/apache/tika/sax/WriteOutContentHandler.java,0.000865,0.002155,0.002155,0.000865,0.002111,0.002111,0.000839,0.002232,0.002232,0.000839,0.002184,0.002184
1,10,tika-core/src/main/java/org/apache/tika/metadata/PagedText.java,0.003250,0.004310,0.004310,0.003250,0.004221,0.004221,0.003318,0.004464,0.004464,0.003318,0.004368,0.004368
1,10,tika-core/src/main/java/org/apache/tika/metadata/XMPRights.java,0.003250,0.004310,0.004310,0.003250,0.004221,0.004221,0.003318,0.004464,0.004464,0.003318,0.004368,0.004368
1,11,tika-core/src/main/java/org/apache/tika/sax/OfflineContentHandler.java,0.001027,0.002155,0.002155,0.001027,0.002122,0.002122,0.001014,0.002232,0.002232,0.001014,0.002196,0.002196
2,0,tika-core/src/main/java/org/apache/tika/metadata/OfficeOpenXMLExtended.java,0.002799,0.012931,0.011615,0.002514,0.010203,0.009165,0.002418,0.013393,0.012030,0.002172,0.010438,0.009376
2,0,tika-core/src/main/java/org/apache/tika/metadata/OfficeOpenXMLCore.java,0.002799,0.012931,0.011615,0.002514,0.010203,0.009165,0.002418,0.013393,0.012030,0.002172,0.010438,0.009376
2,0,tika-core/src/main/java/org/apache/tika/metadata/Office.java,0.002799,0.012931,0.011615,0.002514,0.010203,0.009165,0.002418,0.013393,0.012030,0.002172,0.010438,0.009376
2,0,tika-core/src/main/java/org/apache/tika/metadata/DublinCore.java,0.002799,0.012931,0.011615,0.002514,0.010203,0.009165,0.002418,0.013393,0.012030,0.002172,0.010438,0.009376
2,0,tika-core/src/main/java/org/apache/tika/metadata/XMP.java,0.002799,0.012931,0.011615,0.002514,0.010203,0.009165,0.002418,0.013393,0.012030,0.002172,0.010438,0.009376
2,0,tika-core/src/main/java/org/apache/tika/metadata/TikaCoreProperties.java,0.002799,0.012931,0.011615,0.002514,0.010203,0.009165,0.002418,0.013393,0.012030,0.002172,0.010438,0.009376
2,1,tika-core/src/main/java/org/apache/tika/parser/Parser.java,0.001134,0.004310,0.004310,0.001134,0.002716,0.002716,0.001023,0.004464,0.004464,0.001023,0.002737,0.002737
2,1,tika-core/src/main/java/org/apache/tika/parser/ParseContext.java,0.001134,0.004310,0.004310,0.001134,0.002716,0.002716,0.001023,0.004464,0.004464,0.001023,0.002737,0.002737
2,2,tika-core/src/main/java/org/apache/tika/io/TikaInputStream.java,0.001901,0.004310,0.004310,0.001901,0.003814,0.003814,0.001855,0.004464,0.004464,0.001855,0.003927,0.003927
2,2,tika-core/src/main/java/org/apache/tika/io/TemporaryResources.java,0.001901,0.004310,0.004310,0.001901,0.003814,0.003814,0.001855,0.004464,0.004464,0.001855,0.003927,0.003927
2,3,tika-parsers/src/main/java/org/apache/tika/parser/xml/ElementMetadataHandler.java,0.003897,0.004310,0.004310,0.003897,0.004263,0.004263,0.004017,0.004464,0.004464,0.004017,0.004413,0.004413
2,3,tika-parsers/src/main/java/org/apache/tika/parser/xml/AbstractMetadataHandler.java,0.003897,0.004310,0.004310,0.003897,0.004263,0.004263,0.004017,0.004464,0.004464,0.004017,0.004413,0.004413
2,4,tika-core/src/main/java/org/apache/tika/parser/PasswordProvider.java,0.004464,0.006466,0.006466,0.004464,0.006147,0.006147,0.004528,0.006696,0.006696,0.004528,0.006351,0.006351
2,4,tika-core/src/main/java/org/apache/tika/detect/EncodingDetector.java,0.004464,0.006466,0.006466,0.004464,0.006147,0.006147,0.004528,0.006696,0.006696,0.004528,0.006351,0.006351
2,4,tika-core/src/main/java/org/apache/tika/extractor/EmbeddedDocumentExtractor.java,0.004464,0.006466,0.006466,0.004464,0.006147,0.006147,0.004528,0.006696,0.006696,0.004528,0.006351,0.006351
2,5,tika-core/src/main/java/org/apache/tika/metadata/XMPDM.java,0.002084,0.002155,0.002155,0.002084,0.002120,0.002120,0.002155,0.002232,0.002232,0.002155,0.002194,0.002194
2,6,tika-parsers/src/main/java/org/apache/tika/parser/chm/accessor/ChmItspHeader.java,0.002067,0.002155,0.002155,0.002067,0.002108,0.002108,0.002136,0.002232,0.002232,0.002136,0.002181,0.002181
2,7,tika-parsers/src/main/java/org/apache/tika/parser/chm/accessor/ChmItsfHeader.java,0.002061,0.002155,0.002155,0.002061,0.002102,0.002102,0.002130,0.002232,0.002232,0.002130,0.002175,0.002175
2,8,tika-parsers/src/main/java/org/apache/tika/parser/chm/lzx/ChmLzxState.java,0.002078,0.002155,0.002155,0.002078,0.002143,0.002143,0.002149,0.002232,0.002232,0.002149,0.002219,0.002219
2,9,tika-core/src/main/java/org/apache/tika/detect/Detector.java,0.000992,0.002155,0.002155,0.000992,0.001990,0.001990,0.000972,0.002232,0.002232,0.000972,0.002053,0.002053
2,10,tika-parsers/src/test/java/org/apache/tika/parser/chm/TestParameters.java,0.002073,0.002155,0.002155,0.002073,0.002084,0.002084,0.002143,0.002232,0.002232,0.002143,0.002155,0.002155
3,0,tika-parsers/src/main/java/org/apache/tika/parser/image/xmp/XMPPacketScanner.java,0.004249,0.004310,0.004310,0.004249,0.004274,0.004274,0.004398,0.004464,0.004464,0.004398,0.004424,0.004424
3,0,tika-parsers/src/main/java/org/apache/tika/parser/image/xmp/JempboxExtractor.java,0.004249,0.004310,0.004310,0.004249,0.004274,0.004274,0.004398,0.004464,0.004464,0.004398,0.004424,0.004424
3,1,tika-parsers/src/main/java/org/apache/tika/parser/chm/accessor/ChmDirectoryListingSet.java,0.002076,0.002155,0.002155,0.002076,0.002106,0.002106,0.002146,0.002232,0.002232,0.002146,0.002179,0.002179
3,2,tika-parsers/src/main/java/org/apache/tika/parser/chm/accessor/ChmLzxcControlData.java,0.002076,0.002155,0.002155,0.002076,0.002112,0.002112,0.002146,0.002232,0.002232,0.002146,0.002186,0.002186
3,3,tika-parsers/src/main/java/org/apache/tika/parser/chm/lzx/ChmSection.java,0.004188,0.004310,0.004310,0.004188,0.004286,0.004286,0.004331,0.004464,0.004464,0.004331,0.004438,0.004438
3,3,tika-parsers/src/main/java/org/apache/tika/parser/chm/lzx/ChmLzxBlock.java,0.004188,0.004310,0.004310,0.004188,0.004286,0.004286,0.004331,0.004464,0.004464,0.004331,0.004438,0.004438
3,4,tika-core/src/main/java/org/apache/tika/detect/AutoDetectReader.java,0.001574,0.002155,0.002155,0.001574,0.002143,0.002143,0.001601,0.002232,0.002232,0.001601,0.002219,0.002219
3,5,tika-parsers/src/main/java/org/apache/tika/parser/image/MetadataFields.java,0.002100,0.002155,0.002155,0.002100,0.002143,0.002143,0.002172,0.002232,0.002232,0.002172,0.002219,0.002219
3,6,tika-core/src/main/java/org/apache/tika/sax/XHTMLContentHandler.java,0.000471,0.002155,0.002155,0.000471,0.001739,0.001739,0.000405,0.002232,0.002232,0.000405,0.001780,0.001780
3,7,tika-core/src/main/java/org/apache/tika/parser/AbstractParser.java,0.000527,0.002155,0.002155,0.000527,0.001843,0.001843,0.000465,0.002232,0.002232,0.000465,0.001893,0.001893
3,8,tika-core/src/main/java/org/apache/tika/detect/TextDetector.java,0.001004,0.002155,0.002155,0.001004,0.002143,0.002143,0.000983,0.002232,0.002232,0.000983,0.002219,0.002219
3,9,tika-core/src/main/java/org/apache/tika/sax/SecureContentHandler.java,0.000998,0.002155,0.002155,0.000998,0.002143,0.002143,0.000977,0.002232,0.002232,0.000977,0.002219,0.002219
3,10,tika-core/src/main/java/org/apache/tika/detect/MagicDetector.java,0.001004,0.002155,0.002155,0.001004,0.002143,0.002143,0.000983,0.002232,0.002232,0.000983,0.002219,0.002219
4,0,tika-core/src/main/java/org/apache/tika/sax/xpath/MatchingContentHandler.java,0.001363,0.004310,0.004310,0.001363,0.003557,0.003557,0.001257,0.004464,0.004464,0.001257,0.003645,0.003645
4,0,tika-core/src/main/java/org/apache/tika/sax/BodyContentHandler.java,0.001363,0.004310,0.004310,0.001363,0.003557,0.003557,0.001257,0.004464,0.004464,0.001257,0.003645,0.003645
4,1,tika-parsers/src/main/java/org/apache/tika/parser/html/XHTMLDowngradeHandler.java,0.008017,0.010776,0.010776,0.008017,0.010614,0.010614,0.008159,0.011161,0.011161,0.008159,0.010984,0.010984
4,1,tika-parsers/src/main/java/org/apache/tika/parser/html/HtmlParser.java,0.008017,0.010776,0.010776,0.008017,0.010614,0.010614,0.008159,0.011161,0.011161,0.008159,0.010984,0.010984
4,1,tika-parsers/src/main/java/org/apache/tika/parser/html/HtmlMapper.java,0.008017,0.010776,0.010776,0.008017,0.010614,0.010614,0.008159,0.011161,0.011161,0.008159,0.010984,0.010984
4,1,tika-parsers/src/main/java/org/apache/tika/parser/html/HtmlHandler.java,0.008017,0.010776,0.010776,0.008017,0.010614,0.010614,0.008159,0.011161,0.011161,0.008159,0.010984,0.010984
4,1,tika-parsers/src/main/java/org/apache/tika/parser/html/DefaultHtmlMapper.java,0.008017,0.010776,0.010776,0.008017,0.010614,0.010614,0.008159,0.011161,0.011161,0.008159,0.010984,0.010984
4,2,tika-core/src/main/java/org/apache/tika/metadata/Photoshop.java,0.006368,0.006466,0.006466,0.006368,0.006407,0.006407,0.006590,0.006696,0.006696,0.006590,0.006633,0.006633
4,2,tika-core/src/main/java/org/apache/tika/metadata/IPTC.java,0.006368,0.006466,0.006466,0.006368,0.006407,0.006407,0.006590,0.006696,0.006696,0.006590,0.006633,0.006633
4,2,tika-parsers/src/main/java/org/apache/tika/parser/image/ImageMetadataExtractor.java,0.006368,0.006466,0.006466,0.006368,0.006407,0.006407,0.006590,0.006696,0.006696,0.006590,0.006633,0.006633
4,3,tika-core/src/main/java/org/apache/tika/parser/external/ExternalParser.java,0.004219,0.004310,0.004310,0.004219,0.004271,0.004271,0.004365,0.004464,0.004464,0.004365,0.004422,0.004422
4,3,tika-core/src/main/java/org/apache/tika/io/NullOutputStream.java,0.004219,0.004310,0.004310,0.004219,0.004271,0.004271,0.004365,0.004464,0.004464,0.004365,0.004422,0.004422
4,4,tika-parsers/src/main/java/org/apache/tika/parser/mbox/MboxParser.java,0.001668,0.002155,0.002155,0.001668,0.002142,0.002142,0.001702,0.002232,0.002232,0.001702,0.002218,0.002218
4,5,tika-core/src/main/java/org/apache/tika/sax/ExpandedTitleContentHandler.java,0.001999,0.002155,0.002155,0.001999,0.002142,0.002142,0.002063,0.002232,0.002232,0.002063,0.002218,0.002218
4,6,tika-parsers/src/main/java/org/apache/tika/parser/html/BoilerpipeContentHandler.java,0.002103,0.002155,0.002155,0.002103,0.002136,0.002136,0.002176,0.002232,0.002232,0.002176,0.002211,0.002211
4,7,tika-parsers/src/main/java/org/apache/tika/parser/xml/XMLParser.java,0.001915,0.002155,0.002155,0.001915,0.002116,0.002116,0.001971,0.002232,0.002232,0.001971,0.002190,0.002190
4,8,tika-core/src/main/java/org/apache/tika/parser/ParserDecorator.java,0.000935,0.002155,0.002155,0.000935,0.002129,0.002129,0.000904,0.002232,0.002232,0.000904,0.002204,0.002204
4,9,tika-parsers/src/main/java/org/apache/tika/parser/txt/TXTParser.java,0.002129,0.002155,0.002155,0.002129,0.002142,0.002142,0.002204,0.002232,0.002232,0.002204,0.002218,0.002218
4,10,tika-core/src/main/java/org/apache/tika/parser/EmptyParser.java,0.000915,0.002155,0.002155,0.000915,0.002123,0.002123,0.000883,0.002232,0.002232,0.000883,0.002197,0.002197
4,11,tika-parsers/src/main/java/org/apache/tika/parser/netcdf/NetCDFParser.java,0.002136,0.002155,0.002155,0.002136,0.002142,0.002142,0.002211,0.002232,0.002232,0.002211,0.002218,0.002218
5,0,tika-core/src/main/java/org/apache/tika/detect/CompositeDetector.java,0.021073,0.047414,0.024687,0.010972,0.037676,0.019617,0.020272,0.049107,0.025569,0.010555,0.038447,0.020018
5,0,tika-core/src/main/java/org/apache/tika/mime/Patterns.java,0.021073,0.047414,0.024687,0.010972,0.037676,0.019617,0.020272,0.049107,0.025569,0.010555,0.038447,0.020018
5,0,tika-core/src/main/java/org/apache/tika/parser/ParsingReader.java,0.021073,0.047414,0.024687,0.010972,0.037676,0.019617,0.020272,0.049107,0.025569,0.010555,0.038447,0.020018
5,0,tika-core/src/main/java/org/apache/tika/config/TikaConfig.java,0.021073,0.047414,0.024687,0.010972,0.037676,0.019617,0.020272,0.049107,0.025569,0.010555,0.038447,0.020018
5,0,tika-core/src/main/java/org/apache/tika/parser/DefaultParser.java,0.021073,0.047414,0.024687,0.010972,0.037676,0.019617,0.020272,0.049107,0.025569,0.010555,0.038447,0.020018
5,0,tika-core/src/main/java/org/apache/tika/parser/CompositeParser.java,0.021073,0.047414,0.024687,0.010972,0.037676,0.019617,0.020272,0.049107,0.025569,0.010555,0.038447,0.020018
5,0,tika-core/src/main/java/org/apache/tika/parser/AutoDetectParser.java,0.021073,0.047414,0.024687,0.010972,0.037676,0.019617,0.020272,0.049107,0.025569,0.010555,0.038447,0.020018
5,0,tika-core/src/main/java/org/apache/tika/detect/XmlRootExtractor.java,0.021073,0.047414,0.024687,0.010972,0.037676,0.019617,0.020272,0.049107,0.025569,0.010555,0.038447,0.020018
5,0,tika-core/src/main/java/org/apache/tika/mime/OrClause.java,0.021073,0.047414,0.024687,0.010972,0.037676,0.019617,0.020272,0.049107,0.025569,0.010555,0.038447,0.020018
5,0,tika-core/src/main/java/org/apache/tika/mime/MimeTypesReaderMetKeys.java,0.021073,0.047414,0.024687,0.010972,0.037676,0.019617,0.020272,0.049107,0.025569,0.010555,0.038447,0.020018
5,0,tika-core/src/main/java/org/apache/tika/mime/MimeTypesReader.java,0.021073,0.047414,0.024687,0.010972,0.037676,0.019617,0.020272,0.049107,0.025569,0.010555,0.038447,0.020018
5,0,tika-core/src/main/java/org/apache/tika/mime/MimeTypesFactory.java,0.021073,0.047414,0.024687,0.010972,0.037676,0.019617,0.020272,0.049107,0.025569,0.010555,0.038447,0.020018
5,0,tika-core/src/main/java/org/apache/tika/mime/MimeTypes.java,0.021073,0.047414,0.024687,0.010972,0.037676,0.019617,0.020272,0.049107,0.025569,0.010555,0.038447,0.020018
5,0,tika-core/src/main/java/org/apache/tika/mime/MimeTypeException.java,0.021073,0.047414,0.024687,0.010972,0.037676,0.019617,0.020272,0.049107,0.025569,0.010555,0.038447,0.020018
5,0,tika-core/src/main/java/org/apache/tika/mime/MimeType.java,0.021073,0.047414,0.024687,0.010972,0.037676,0.019617,0.020272,0.049107,0.025569,0.010555,0.038447,0.020018
5,0,tika-core/src/main/java/org/apache/tika/mime/MediaTypeRegistry.java,0.021073,0.047414,0.024687,0.010972,0.037676,0.019617,0.020272,0.049107,0.025569,0.010555,0.038447,0.020018
5,0,tika-core/src/main/java/org/apache/tika/detect/DefaultDetector.java,0.021073,0.047414,0.024687,0.010972,0.037676,0.019617,0.020272,0.049107,0.025569,0.010555,0.038447,0.020018
5,0,tika-core/src/main/java/org/apache/tika/mime/MagicMatch.java,0.021073,0.047414,0.024687,0.010972,0.037676,0.019617,0.020272,0.049107,0.025569,0.010555,0.038447,0.020018
5,0,tika-core/src/main/java/org/apache/tika/mime/Magic.java,0.021073,0.047414,0.024687,0.010972,0.037676,0.019617,0.020272,0.049107,0.025569,0.010555,0.038447,0.020018
5,0,tika-core/src/main/java/org/apache/tika/mime/Clause.java,0.021073,0.047414,0.024687,0.010972,0.037676,0.019617,0.020272,0.049107,0.025569,0.010555,0.038447,0.020018
5,0,tika-core/src/main/java/org/apache/tika/mime/AndClause.java,0.021073,0.047414,0.024687,0.010972,0.037676,0.019617,0.020272,0.049107,0.025569,0.010555,0.038447,0.020018
5,0,tika-core/src/main/java/org/apache/tika/Tika.java,0.021073,0.047414,0.024687,0.010972,0.037676,0.019617,0.020272,0.049107,0.025569,0.010555,0.038447,0.020018
5,1,tika-parsers/src/main/java/org/apache/tika/parser/odf/OpenDocumentParser.java,0.016080,0.017241,0.013344,0.012446,0.017067,0.013210,0.016586,0.017857,0.013821,0.012837,0.017666,0.013673
5,1,tika-parsers/src/main/java/org/apache/tika/parser/odf/OpenDocumentMetaParser.java,0.016080,0.017241,0.013344,0.012446,0.017067,0.013210,0.016586,0.017857,0.013821,0.012837,0.017666,0.013673
5,1,tika-parsers/src/main/java/org/apache/tika/parser/odf/OpenDocumentContentParser.java,0.016080,0.017241,0.013344,0.012446,0.017067,0.013210,0.016586,0.017857,0.013821,0.012837,0.017666,0.013673
5,1,tika-parsers/src/main/java/org/apache/tika/parser/odf/NSNormalizerContentHandler.java,0.016080,0.017241,0.013344,0.012446,0.017067,0.013210,0.016586,0.017857,0.013821,0.012837,0.017666,0.013673
5,1,tika-parsers/src/main/java/org/apache/tika/parser/xml/MetadataHandler.java,0.016080,0.017241,0.013344,0.012446,0.017067,0.013210,0.016586,0.017857,0.013821,0.012837,0.017666,0.013673
5,1,tika-core/src/main/java/org/apache/tika/sax/ElementMappingContentHandler.java,0.016080,0.017241,0.013344,0.012446,0.017067,0.013210,0.016586,0.017857,0.013821,0.012837,0.017666,0.013673
5,1,tika-parsers/src/main/java/org/apache/tika/parser/xml/AttributeMetadataHandler.java,0.016080,0.017241,0.013344,0.012446,0.017067,0.013210,0.016586,0.017857,0.013821,0.012837,0.017666,0.013673
5,1,tika-parsers/src/main/java/org/apache/tika/parser/xml/AttributeDependantMetadataHandler.java,0.016080,0.017241,0.013344,0.012446,0.017067,0.013210,0.016586,0.017857,0.013821,0.012837,0.017666,0.013673
5,2,tika-parsers/src/main/java/org/apache/tika/parser/chm/CHMDocumentInformation.java,0.006335,0.006466,0.006466,0.006335,0.006335,0.006335,0.006553,0.006696,0.006696,0.006553,0.006553,0.006553
5,2,tika-parsers/src/main/java/org/apache/tika/parser/chm/lzx/ChmBlockInfo.java,0.006335,0.006466,0.006466,0.006335,0.006335,0.006335,0.006553,0.006696,0.006696,0.006553,0.006553,0.006553
5,2,tika-parsers/src/main/java/org/apache/tika/parser/chm/core/ChmExtractor.java,0.006335,0.006466,0.006466,0.006335,0.006335,0.006335,0.006553,0.006696,0.006696,0.006553,0.006553,0.006553
5,3,tika-core/src/main/java/org/apache/tika/parser/DelegatingParser.java,0.001546,0.002155,0.002155,0.001546,0.002141,0.002141,0.001565,0.002232,0.002232,0.001565,0.002216,0.002216
5,4,tika-parsers/src/main/java/org/apache/tika/parser/xml/DcXMLParser.java,0.002119,0.002155,0.002155,0.002119,0.002141,0.002141,0.002192,0.002232,0.002232,0.002192,0.002216,0.002216
6,0,tika-core/src/main/java/org/apache/tika/extractor/ParsingEmbeddedDocumentExtractor.java,0.003003,0.004310,0.004310,0.003003,0.004181,0.004181,0.003024,0.004464,0.004464,0.003024,0.004322,0.004322
6,0,tika-core/src/main/java/org/apache/tika/extractor/DocumentSelector.java,0.003003,0.004310,0.004310,0.003003,0.004181,0.004181,0.003024,0.004464,0.004464,0.003024,0.004322,0.004322
6,1,tika-parsers/src/main/java/org/apache/tika/parser/iwork/NumbersContentHandler.java,0.006199,0.008621,0.008621,0.006199,0.008556,0.008556,0.006261,0.008929,0.008929,0.006261,0.008857,0.008857
6,1,tika-parsers/src/main/java/org/apache/tika/parser/iwork/KeynoteContentHandler.java,0.006199,0.008621,0.008621,0.006199,0.008556,0.008556,0.006261,0.008929,0.008929,0.006261,0.008857,0.008857
6,1,tika-parsers/src/main/java/org/apache/tika/parser/iwork/IWorkPackageParser.java,0.006199,0.008621,0.008621,0.006199,0.008556,0.008556,0.006261,0.008929,0.008929,0.006261,0.008857,0.008857
6,1,tika-parsers/src/main/java/org/apache/tika/parser/iwork/PagesContentHandler.java,0.006199,0.008621,0.008621,0.006199,0.008556,0.008556,0.006261,0.008929,0.008929,0.006261,0.008857,0.008857
6,2,tika-core/src/main/java/org/apache/tika/extractor/ParserContainerExtractor.java,0.008427,0.008621,0.008621,0.008427,0.008492,0.008492,0.008715,0.008929,0.008929,0.008715,0.008786,0.008786
6,2,tika-core/src/main/java/org/apache/tika/extractor/EmbeddedResourceHandler.java,0.008427,0.008621,0.008621,0.008427,0.008492,0.008492,0.008715,0.008929,0.008929,0.008715,0.008786,0.008786
6,2,tika-parsers/src/test/java/org/apache/tika/parser/microsoft/AbstractPOIContainerExtractionTest.java,0.008427,0.008621,0.008621,0.008427,0.008492,0.008492,0.008715,0.008929,0.008929,0.008715,0.008786,0.008786
6,2,tika-core/src/main/java/org/apache/tika/extractor/ContainerExtractor.java,0.008427,0.008621,0.008621,0.008427,0.008492,0.008492,0.008715,0.008929,0.008929,0.008715,0.008786,0.008786
6,3,tika-parsers/src/main/java/org/apache/tika/parser/epub/EpubParser.java,0.004278,0.004310,0.004310,0.004278,0.004278,0.004278,0.004429,0.004464,0.004464,0.004429,0.004429,0.004429
6,3,tika-parsers/src/main/java/org/apache/tika/parser/epub/EpubContentParser.java,0.004278,0.004310,0.004310,0.004278,0.004278,0.004278,0.004429,0.004464,0.004464,0.004429,0.004429,0.004429
6,4,tika-core/src/main/java/org/apache/tika/fork/InputStreamProxy.java,0.035403,0.036638,0.020813,0.020111,0.036226,0.020579,0.036586,0.037946,0.021556,0.020783,0.037493,0.021298
6,4,tika-core/src/main/java/org/apache/tika/fork/ForkServer.java,0.035403,0.036638,0.020813,0.020111,0.036226,0.020579,0.036586,0.037946,0.021556,0.020783,0.037493,0.021298
6,4,tika-core/src/main/java/org/apache/tika/fork/ForkResource.java,0.035403,0.036638,0.020813,0.020111,0.036226,0.020579,0.036586,0.037946,0.021556,0.020783,0.037493,0.021298
6,4,tika-core/src/main/java/org/apache/tika/fork/ForkProxy.java,0.035403,0.036638,0.020813,0.020111,0.036226,0.020579,0.036586,0.037946,0.021556,0.020783,0.037493,0.021298
6,4,tika-core/src/main/java/org/apache/tika/fork/ForkParser.java,0.035403,0.036638,0.020813,0.020111,0.036226,0.020579,0.036586,0.037946,0.021556,0.020783,0.037493,0.021298
6,4,tika-core/src/main/java/org/apache/tika/fork/ForkObjectInputStream.java,0.035403,0.036638,0.020813,0.020111,0.036226,0.020579,0.036586,0.037946,0.021556,0.020783,0.037493,0.021298
6,4,tika-core/src/main/java/org/apache/tika/fork/ForkClient.java,0.035403,0.036638,0.020813,0.020111,0.036226,0.020579,0.036586,0.037946,0.021556,0.020783,0.037493,0.021298
6,4,tika-core/src/main/java/org/apache/tika/fork/ContentHandlerResource.java,0.035403,0.036638,0.020813,0.020111,0.036226,0.020579,0.036586,0.037946,0.021556,0.020783,0.037493,0.021298
6,4,tika-core/src/main/java/org/apache/tika/fork/ContentHandlerProxy.java,0.035403,0.036638,0.020813,0.020111,0.036226,0.020579,0.036586,0.037946,0.021556,0.020783,0.037493,0.021298
6,4,tika-core/src/main/java/org/apache/tika/fork/ClassLoaderResource.java,0.035403,0.036638,0.020813,0.020111,0.036226,0.020579,0.036586,0.037946,0.021556,0.020783,0.037493,0.021298
6,4,tika-core/src/main/java/org/apache/tika/fork/ClassLoaderProxy.java,0.035403,0.036638,0.020813,0.020111,0.036226,0.020579,0.036586,0.037946,0.021556,0.020783,0.037493,0.021298
6,4,tika-core/src/main/java/org/apache/tika/fork/MetadataContentHandler.java,0.035403,0.036638,0.020813,0.020111,0.036226,0.020579,0.036586,0.037946,0.021556,0.020783,0.037493,0.021298
6,4,tika-core/src/main/java/org/apache/tika/fork/MemoryURLStreamRecord.java,0.035403,0.036638,0.020813,0.020111,0.036226,0.020579,0.036586,0.037946,0.021556,0.020783,0.037493,0.021298
6,4,tika-core/src/main/java/org/apache/tika/fork/MemoryURLStreamHandlerFactory.java,0.035403,0.036638,0.020813,0.020111,0.036226,0.020579,0.036586,0.037946,0.021556,0.020783,0.037493,0.021298
6,4,tika-core/src/main/java/org/apache/tika/fork/MemoryURLStreamHandler.java,0.035403,0.036638,0.020813,0.020111,0.036226,0.020579,0.036586,0.037946,0.021556,0.020783,0.037493,0.021298
6,4,tika-core/src/main/java/org/apache/tika/fork/MemoryURLConnection.java,0.035403,0.036638,0.020813,0.020111,0.036226,0.020579,0.036586,0.037946,0.021556,0.020783,0.037493,0.021298
6,4,tika-core/src/main/java/org/apache/tika/fork/InputStreamResource.java,0.035403,0.036638,0.020813,0.020111,0.036226,0.020579,0.036586,0.037946,0.021556,0.020783,0.037493,0.021298
6,5,tika-parsers/src/test/java/org/apache/tika/TikaTest.java,0.001978,0.002155,0.002155,0.001978,0.002018,0.002018,0.002036,0.002232,0.002232,0.002036,0.002081,0.002081
7,0,tika-parsers/src/main/java/org/apache/tika/parser/microsoft/POIFSContainerDetector.java,0.052601,0.064655,0.030595,0.024891,0.061916,0.029298,0.053571,0.066964,0.031687,0.025350,0.063920,0.030247
7,0,tika-parsers/src/main/java/org/apache/tika/parser/microsoft/OutlookExtractor.java,0.052601,0.064655,0.030595,0.024891,0.061916,0.029298,0.053571,0.066964,0.031687,0.025350,0.063920,0.030247
7,0,tika-parsers/src/main/java/org/apache/tika/parser/microsoft/OfficeParser.java,0.052601,0.064655,0.030595,0.024891,0.061916,0.029298,0.053571,0.066964,0.031687,0.025350,0.063920,0.030247
7,0,tika-parsers/src/main/java/org/apache/tika/parser/microsoft/NumberCell.java,0.052601,0.064655,0.030595,0.024891,0.061916,0.029298,0.053571,0.066964,0.031687,0.025350,0.063920,0.030247
7,0,tika-parsers/src/main/java/org/apache/tika/parser/microsoft/LinkedCell.java,0.052601,0.064655,0.030595,0.024891,0.061916,0.029298,0.053571,0.066964,0.031687,0.025350,0.063920,0.030247
7,0,tika-parsers/src/main/java/org/apache/tika/parser/microsoft/HSLFExtractor.java,0.052601,0.064655,0.030595,0.024891,0.061916,0.029298,0.053571,0.066964,0.031687,0.025350,0.063920,0.030247
7,0,tika-parsers/src/main/java/org/apache/tika/parser/microsoft/ExcelExtractor.java,0.052601,0.064655,0.030595,0.024891,0.061916,0.029298,0.053571,0.066964,0.031687,0.025350,0.063920,0.030247
7,0,tika-parsers/src/main/java/org/apache/tika/parser/microsoft/CellDecorator.java,0.052601,0.064655,0.030595,0.024891,0.061916,0.029298,0.053571,0.066964,0.031687,0.025350,0.063920,0.030247
7,0,tika-parsers/src/main/java/org/apache/tika/parser/microsoft/Cell.java,0.052601,0.064655,0.030595,0.024891,0.061916,0.029298,0.053571,0.066964,0.031687,0.025350,0.063920,0.030247
7,0,tika-parsers/src/main/java/org/apache/tika/parser/microsoft/AbstractPOIFSExtractor.java,0.052601,0.064655,0.030595,0.024891,0.061916,0.029298,0.053571,0.066964,0.031687,0.025350,0.063920,0.030247
7,0,tika-parsers/src/main/java/org/apache/tika/parser/rtf/TextExtractor.java,0.052601,0.064655,0.030595,0.024891,0.061916,0.029298,0.053571,0.066964,0.031687,0.025350,0.063920,0.030247
7,0,tika-parsers/src/main/java/org/apache/tika/parser/rtf/RTFParser.java,0.052601,0.064655,0.030595,0.024891,0.061916,0.029298,0.053571,0.066964,0.031687,0.025350,0.063920,0.030247
7,0,tika-parsers/src/main/java/org/apache/tika/parser/rtf/ListDescriptor.java,0.052601,0.064655,0.030595,0.024891,0.061916,0.029298,0.053571,0.066964,0.031687,0.025350,0.063920,0.030247
7,0,tika-parsers/src/main/java/org/apache/tika/parser/rtf/GroupState.java,0.052601,0.064655,0.030595,0.024891,0.061916,0.029298,0.053571,0.066964,0.031687,0.025350,0.063920,0.030247
7,0,tika-parsers/src/main/java/org/apache/tika/parser/pkg/ZipContainerDetector.java,0.052601,0.064655,0.030595,0.024891,0.061916,0.029298,0.053571,0.066964,0.031687,0.025350,0.063920,0.030247
7,0,tika-parsers/src/main/java/org/apache/tika/parser/pkg/PackageParser.java,0.052601,0.064655,0.030595,0.024891,0.061916,0.029298,0.053571,0.066964,0.031687,0.025350,0.063920,0.030247
7,0,tika-parsers/src/main/java/org/apache/tika/parser/pkg/CompressorParserOptions.java,0.052601,0.064655,0.030595,0.024891,0.061916,0.029298,0.053571,0.066964,0.031687,0.025350,0.063920,0.030247
7,0,tika-parsers/src/main/java/org/apache/tika/parser/pkg/CompressorParser.java,0.052601,0.064655,0.030595,0.024891,0.061916,0.029298,0.053571,0.066964,0.031687,0.025350,0.063920,0.030247
7,0,tika-parsers/src/main/java/org/apache/tika/parser/microsoft/ooxml/XWPFWordExtractorDecorator.java,0.052601,0.064655,0.030595,0.024891,0.061916,0.029298,0.053571,0.066964,0.031687,0.025350,0.063920,0.030247
7,0,tika-parsers/src/main/java/org/apache/tika/parser/microsoft/ooxml/XSSFExcelExtractorDecorator.java,0.052601,0.064655,0.030595,0.024891,0.061916,0.029298,0.053571,0.066964,0.031687,0.025350,0.063920,0.030247
7,0,tika-parsers/src/main/java/org/apache/tika/parser/microsoft/ooxml/XSLFPowerPointExtractorDecorator.java,0.052601,0.064655,0.030595,0.024891,0.061916,0.029298,0.053571,0.066964,0.031687,0.025350,0.063920,0.030247
7,0,tika-parsers/src/main/java/org/apache/tika/parser/microsoft/ooxml/POIXMLTextExtractorDecorator.java,0.052601,0.064655,0.030595,0.024891,0.061916,0.029298,0.053571,0.066964,0.031687,0.025350,0.063920,0.030247
7,0,tika-parsers/src/main/java/org/apache/tika/parser/microsoft/ooxml/OOXMLParser.java,0.052601,0.064655,0.030595,0.024891,0.061916,0.029298,0.053571,0.066964,0.031687,0.025350,0.063920,0.030247
7,0,tika-parsers/src/main/java/org/apache/tika/parser/microsoft/ooxml/OOXMLExtractorFactory.java,0.052601,0.064655,0.030595,0.024891,0.061916,0.029298,0.053571,0.066964,0.031687,0.025350,0.063920,0.030247
7,0,tika-parsers/src/main/java/org/apache/tika/parser/microsoft/ooxml/OOXMLExtractor.java,0.052601,0.064655,0.030595,0.024891,0.061916,0.029298,0.053571,0.066964,0.031687,0.025350,0.063920,0.030247
7,0,tika-parsers/src/main/java/org/apache/tika/parser/microsoft/ooxml/MetadataExtractor.java,0.052601,0.064655,0.030595,0.024891,0.061916,0.029298,0.053571,0.066964,0.031687,0.025350,0.063920,0.030247
7,0,tika-parsers/src/main/java/org/apache/tika/parser/microsoft/ooxml/AbstractOOXMLExtractor.java,0.052601,0.064655,0.030595,0.024891,0.061916,0.029298,0.053571,0.066964,0.031687,0.025350,0.063920,0.030247
7,0,tika-parsers/src/main/java/org/apache/tika/parser/microsoft/WordExtractor.java,0.052601,0.064655,0.030595,0.024891,0.061916,0.029298,0.053571,0.066964,0.031687,0.025350,0.063920,0.030247
7,0,tika-parsers/src/main/java/org/apache/tika/parser/microsoft/TextCell.java,0.052601,0.064655,0.030595,0.024891,0.061916,0.029298,0.053571,0.066964,0.031687,0.025350,0.063920,0.030247
7,0,tika-parsers/src/main/java/org/apache/tika/parser/microsoft/SummaryExtractor.java,0.052601,0.064655,0.030595,0.024891,0.061916,0.029298,0.053571,0.066964,0.031687,0.025350,0.063920,0.030247
7,1,tika-parsers/src/test/java/org/apache/tika/parser/pkg/AbstractPkgTest.java,0.002110,0.002155,0.002155,0.002110,0.002110,0.002110,0.002181,0.002232,0.002232,0.002181,0.002181,0.002181
8,0,tika-xmp/src/main/java/org/apache/tika/xmp/convert/OpenDocumentConverter.java,0.018577,0.019397,0.014208,0.013607,0.019214,0.014074,0.019172,0.020089,0.014715,0.014043,0.019885,0.014566
8,0,tika-xmp/src/main/java/org/apache/tika/xmp/convert/Namespace.java,0.018577,0.019397,0.014208,0.013607,0.019214,0.014074,0.019172,0.020089,0.014715,0.014043,0.019885,0.014566
8,0,tika-xmp/src/main/java/org/apache/tika/xmp/convert/MSOfficeXMLConverter.java,0.018577,0.019397,0.014208,0.013607,0.019214,0.014074,0.019172,0.020089,0.014715,0.014043,0.019885,0.014566
8,0,tika-xmp/src/main/java/org/apache/tika/xmp/convert/MSOfficeBinaryConverter.java,0.018577,0.019397,0.014208,0.013607,0.019214,0.014074,0.019172,0.020089,0.014715,0.014043,0.019885,0.014566
8,0,tika-xmp/src/main/java/org/apache/tika/xmp/convert/ITikaToXMPConverter.java,0.018577,0.019397,0.014208,0.013607,0.019214,0.014074,0.019172,0.020089,0.014715,0.014043,0.019885,0.014566
8,0,tika-xmp/src/main/java/org/apache/tika/xmp/convert/GenericConverter.java,0.018577,0.019397,0.014208,0.013607,0.019214,0.014074,0.019172,0.020089,0.014715,0.014043,0.019885,0.014566
8,0,tika-xmp/src/main/java/org/apache/tika/xmp/convert/AbstractConverter.java,0.018577,0.019397,0.014208,0.013607,0.019214,0.014074,0.019172,0.020089,0.014715,0.014043,0.019885,0.014566
8,0,tika-xmp/src/main/java/org/apache/tika/xmp/convert/TikaToXMP.java,0.018577,0.019397,0.014208,0.013607,0.019214,0.014074,0.019172,0.020089,0.014715,0.014043,0.019885,0.014566
8,0,tika-xmp/src/main/java/org/apache/tika/xmp/convert/RTFConverter.java,0.018577,0.019397,0.014208,0.013607,0.019214,0.014074,0.019172,0.020089,0.014715,0.014043,0.019885,0.014566
8,1,tika-server/src/test/java/org/apache/tika/server/CXFTestBase.java,0.027360,0.028017,0.017580,0.017167,0.027360,0.017167,0.028281,0.029018,0.018208,0.017746,0.028281,0.017746
8,1,tika-server/src/main/java/org/apache/tika/server/ZipWriter.java,0.027360,0.028017,0.017580,0.017167,0.027360,0.017167,0.028281,0.029018,0.018208,0.017746,0.028281,0.017746
8,1,tika-server/src/main/java/org/apache/tika/server/UnpackerResource.java,0.027360,0.028017,0.017580,0.017167,0.027360,0.017167,0.028281,0.029018,0.018208,0.017746,0.028281,0.017746
8,1,tika-server/src/main/java/org/apache/tika/server/TikaVersion.java,0.027360,0.028017,0.017580,0.017167,0.027360,0.017167,0.028281,0.029018,0.018208,0.017746,0.028281,0.017746
8,1,tika-server/src/main/java/org/apache/tika/server/TikaServerCli.java,0.027360,0.028017,0.017580,0.017167,0.027360,0.017167,0.028281,0.029018,0.018208,0.017746,0.028281,0.017746
8,1,tika-server/src/main/java/org/apache/tika/server/TikaResource.java,0.027360,0.028017,0.017580,0.017167,0.027360,0.017167,0.028281,0.029018,0.018208,0.017746,0.028281,0.017746
8,1,tika-server/src/main/java/org/apache/tika/server/TikaExceptionMapper.java,0.027360,0.028017,0.017580,0.017167,0.027360,0.017167,0.028281,0.029018,0.018208,0.017746,0.028281,0.017746
8,1,tika-server/src/main/java/org/apache/tika/server/TarWriter.java,0.027360,0.028017,0.017580,0.017167,0.027360,0.017167,0.028281,0.029018,0.018208,0.017746,0.028281,0.017746
8,1,tika-server/src/main/java/org/apache/tika/server/RichTextContentHandler.java,0.027360,0.028017,0.017580,0.017167,0.027360,0.017167,0.028281,0.029018,0.018208,0.017746,0.028281,0.017746
8,1,tika-server/src/main/java/org/apache/tika/server/MetadataResource.java,0.027360,0.028017,0.017580,0.017167,0.027360,0.017167,0.028281,0.029018,0.018208,0.017746,0.028281,0.017746
8,1,tika-server/src/main/java/org/apache/tika/server/MetadataEP.java,0.027360,0.028017,0.017580,0.017167,0.027360,0.017167,0.028281,0.029018,0.018208,0.017746,0.028281,0.017746
8,1,tika-server/src/main/java/org/apache/tika/server/JSONMessageBodyWriter.java,0.027360,0.028017,0.017580,0.017167,0.027360,0.017167,0.028281,0.029018,0.018208,0.017746,0.028281,0.017746
8,1,tika-server/src/main/java/org/apache/tika/server/CSVMessageBodyWriter.java,0.027360,0.028017,0.017580,0.017167,0.027360,0.017167,0.028281,0.029018,0.018208,0.017746,0.028281,0.017746
8,2,tika-parsers/src/test/java/org/apache/tika/parser/pkg/ZipParserTest.java,0.002125,0.002155,0.002155,0.002125,0.002125,0.002125,0.002198,0.002232,0.002232,0.002198,0.002198,0.002198
9,0,tika-xmp/src/main/java/org/apache/tika/xmp/XMPMetadata.java,0.002084,0.002155,0.002155,0.002084,0.002135,0.002135,0.002152,0.002232,0.002232,0.002152,0.002209,0.002209
9,1,tika-server/src/test/java/org/apache/tika/server/TikaResourceTest.java,0.002135,0.002155,0.002155,0.002135,0.002135,0.002135,0.002209,0.002232,0.002232,0.002209,0.002209,0.002209
10,0,tika-parsers/src/test/java/org/apache/tika/parser/xml/FictionBookParserTest.java,0.004310,0.004310,0.004310,0.004310,0.004310,0.004310,0.004464,0.004464,0.004464,0.004464,0.004464,0.004464
10,0,tika-parsers/src/main/java/org/apache/tika/parser/xml/FictionBookParser.java,0.004310,0.004310,0.004310,0.004310,0.004310,0.004310,0.004464,0.004464,0.004464,0.004464,0.004464,0.004464
10,1,tika-parsers/src/test/java/org/apache/tika/parser/prt/PRTParserTest.java,0.004310,0.004310,0.004310,0.004310,0.004310,0.004310,0.004464,0.004464,0.004464,0.004464,0.004464,0.004464
10,1,tika-parsers/src/main/java/org/apache/tika/parser/prt/PRTParser.java,0.004310,0.004310,0.004310,0.004310,0.004310,0.004310,0.004464,0.004464,0.004464,0.004464,0.004464,0.004464
10,2,tika-parsers/src/test/java/org/apache/tika/parser/pdf/PDFParserTest.java,0.006466,0.006466,0.006466,0.006466,0.006466,0.006466,0.006696,0.006696,0.006696,0.006696,0.006696,0.006696
10,2,tika-parsers/src/main/java/org/apache/tika/parser/pdf/PDFParser.java,0.006466,0.006466,0.006466,0.006466,0.006466,0.006466,0.006696,0.006696,0.006696,0.006696,0.006696,0.006696
10,2,tika-parsers/src/main/java/org/apache/tika/parser/pdf/PDF2XHTML.java,0.006466,0.006466,0.006466,0.006466,0.006466,0.006466,0.006696,0.006696,0.006696,0.006696,0.006696,0.006696
10,3,tika-parsers/src/test/java/org/apache/tika/parser/odf/ODFParserTest.java,0.004310,0.004310,0.004310,0.004310,0.004310,0.004310,0.004464,0.004464,0.004464,0.004464,0.004464,0.004464
10,3,tika-parsers/src/main/java/org/apache/tika/parser/opendocument/OpenOfficeParser.java,0.004310,0.004310,0.004310,0.004310,0.004310,0.004310,0.004464,0.004464,0.004464,0.004464,0.004464,0.004464
10,4,tika-parsers/src/test/java/org/apache/tika/parser/microsoft/ooxml/OOXMLParserTest.java,0.004310,0.004310,0.004310,0.004310,0.004310,0.004310,0.004464,0.004464,0.004464,0.004464,0.004464,0.004464
10,4,tika-parsers/src/test/java/org/apache/tika/parser/microsoft/WordParserTest.java,0.004310,0.004310,0.004310,0.004310,0.004310,0.004310,0.004464,0.004464,0.004464,0.004464,0.004464,0.004464
10,5,tika-parsers/src/test/java/org/apache/tika/parser/microsoft/WriteProtectedParserTest.java,0.004310,0.004310,0.004310,0.004310,0.004310,0.004310,0.004464,0.004464,0.004464,0.004464,0.004464,0.004464
10,5,tika-parsers/src/test/java/org/apache/tika/parser/microsoft/ExcelParserTest.java,0.004310,0.004310,0.004310,0.004310,0.004310,0.004310,0.004464,0.004464,0.004464,0.004464,0.004464,0.004464
10,6,tika-parsers/src/test/java/org/apache/tika/parser/microsoft/TNEFParserTest.java,0.004310,0.004310,0.004310,0.004310,0.004310,0.004310,0.004464,0.004464,0.004464,0.004464,0.004464,0.004464
10,6,tika-parsers/src/main/java/org/apache/tika/parser/microsoft/TNEFParser.java,0.004310,0.004310,0.004310,0.004310,0.004310,0.004310,0.004464,0.004464,0.004464,0.004464,0.004464,0.004464
10,7,tika-parsers/src/test/java/org/apache/tika/parser/mail/RFC822ParserTest.java,0.006466,0.006466,0.006466,0.006466,0.006466,0.006466,0.006696,0.006696,0.006696,0.006696,0.006696,0.006696
10,7,tika-parsers/src/main/java/org/apache/tika/parser/mail/RFC822Parser.java,0.006466,0.006466,0.006466,0.006466,0.006466,0.006466,0.006696,0.006696,0.006696,0.006696,0.006696,0.006696
10,7,tika-parsers/src/main/java/org/apache/tika/parser/mail/MailContentHandler.java,0.006466,0.006466,0.006466,0.006466,0.006466,0.006466,0.006696,0.006696,0.006696,0.006696,0.006696,0.006696
10,8,tika-parsers/src/test/java/org/apache/tika/parser/jpeg/JpegParserTest.java,0.004310,0.004310,0.004310,0.004310,0.004310,0.004310,0.004464,0.004464,0.004464,0.004464,0.004464,0.004464
10,8,tika-parsers/src/main/java/org/apache/tika/parser/jpeg/JpegParser.java,0.004310,0.004310,0.004310,0.004310,0.004310,0.004310,0.004464,0.004464,0.004464,0.004464,0.004464,0.004464
10,9,tika-parsers/src/main/java/org/apache/tika/parser/image/TiffParser.java,0.004310,0.004310,0.004310,0.004310,0.004310,0.004310,0.004464,0.004464,0.004464,0.004464,0.004464,0.004464
10,9,tika-parsers/src/test/java/org/apache/tika/parser/image/TiffParserTest.java,0.004310,0.004310,0.004310,0.004310,0.004310,0.004310,0.004464,0.004464,0.004464,0.004464,0.004464,0.004464
10,10,tika-parsers/src/main/java/org/apache/tika/parser/image/PSDParser.java,0.004310,0.004310,0.004310,0.004310,0.004310,0.004310,0.004464,0.004464,0.004464,0.004464,0.004464,0.004464
10,10,tika-parsers/src/test/java/org/apache/tika/parser/image/PSDParserTest.java,0.004310,0.004310,0.004310,0.004310,0.004310,0.004310,0.004464,0.004464,0.004464,0.004464,0.004464,0.004464
10,11,tika-parsers/src/main/java/org/apache/tika/parser/image/ImageParser.java,0.004310,0.004310,0.004310,0.004310,0.004310,0.004310,0.004464,0.004464,0.004464,0.004464,0.004464,0.004464
10,11,tika-parsers/src/test/java/org/apache/tika/parser/image/ImageParserTest.java,0.004310,0.004310,0.004310,0.004310,0.004310,0.004310,0.004464,0.004464,0.004464,0.004464,0.004464,0.004464
10,12,tika-parsers/src/test/java/org/apache/tika/parser/html/HtmlParserTest.java,0.004310,0.004310,0.004310,0.004310,0.004310,0.004310,0.004464,0.004464,0.004464,0.004464,0.004464,0.004464
10,12,tika-parsers/src/main/java/org/apache/tika/parser/html/IdentityHtmlMapper.java,0.004310,0.004310,0.004310,0.004310,0.004310,0.004310,0.004464,0.004464,0.004464,0.004464,0.004464,0.004464
10,13,tika-parsers/src/test/java/org/apache/tika/parser/hdf/HDFParserTest.java,0.004310,0.004310,0.004310,0.004310,0.004310,0.004310,0.004464,0.004464,0.004464,0.004464,0.004464,0.004464
10,13,tika-parsers/src/main/java/org/apache/tika/parser/hdf/HDFParser.java,0.004310,0.004310,0.004310,0.004310,0.004310,0.004310,0.004464,0.004464,0.004464,0.004464,0.004464,0.004464
10,14,tika-parsers/src/main/java/org/apache/tika/parser/feed/FeedParser.java,0.004310,0.004310,0.004310,0.004310,0.004310,0.004310,0.004464,0.004464,0.004464,0.004464,0.004464,0.004464
10,14,tika-parsers/src/test/java/org/apache/tika/parser/feed/FeedParserTest.java,0.004310,0.004310,0.004310,0.004310,0.004310,0.004310,0.004464,0.004464,0.004464,0.004464,0.004464,0.004464
10,15,tika-parsers/src/main/java/org/apache/tika/parser/executable/MachineMetadata.java,0.006466,0.006466,0.006466,0.006466,0.006466,0.006466,0.006696,0.006696,0.006696,0.006696,0.006696,0.006696
10,15,tika-parsers/src/main/java/org/apache/tika/parser/executable/ExecutableParser.java,0.006466,0.006466,0.006466,0.006466,0.006466,0.006466,0.006696,0.006696,0.006696,0.006696,0.006696,0.006696
10,15,tika-parsers/src/test/java/org/apache/tika/parser/executable/ExecutableParserTest.java,0.006466,0.006466,0.006466,0.006466,0.006466,0.006466,0.006696,0.006696,0.006696,0.006696,0.006696,0.006696
10,16,tika-parsers/src/main/java/org/apache/tika/parser/dwg/DWGParser.java,0.004310,0.004310,0.004310,0.004310,0.004310,0.004310,0.004464,0.004464,0.004464,0.004464,0.004464,0.004464
10,16,tika-parsers/src/test/java/org/apache/tika/parser/dwg/DWGParserTest.java,0.004310,0.004310,0.004310,0.004310,0.004310,0.004310,0.004464,0.004464,0.004464,0.004464,0.004464,0.004464
10,17,tika-parsers/src/main/java/org/apache/tika/parser/crypto/Pkcs7Parser.java,0.004310,0.004310,0.004310,0.004310,0.004310,0.004310,0.004464,0.004464,0.004464,0.004464,0.004464,0.004464
10,17,tika-parsers/src/test/java/org/apache/tika/parser/crypto/Pkcs7ParserTest.java,0.004310,0.004310,0.004310,0.004310,0.004310,0.004310,0.004464,0.004464,0.004464,0.004464,0.004464,0.004464
10,18,tika-parsers/src/test/java/org/apache/tika/parser/chm/TestPmglHeader.java,0.004310,0.004310,0.004310,0.004310,0.004310,0.004310,0.004464,0.004464,0.004464,0.004464,0.004464,0.004464
10,18,tika-parsers/src/main/java/org/apache/tika/parser/chm/accessor/ChmPmglHeader.java,0.004310,0.004310,0.004310,0.004310,0.004310,0.004310,0.004464,0.004464,0.004464,0.004464,0.004464,0.004464
10,19,tika-parsers/src/test/java/org/apache/tika/parser/chm/TestPmgiHeader.java,0.004310,0.004310,0.004310,0.004310,0.004310,0.004310,0.004464,0.004464,0.004464,0.004464,0.004464,0.004464
10,19,tika-parsers/src/main/java/org/apache/tika/parser/chm/accessor/ChmPmgiHeader.java,0.004310,0.004310,0.004310,0.004310,0.004310,0.004310,0.004464,0.004464,0.004464,0.004464,0.004464,0.004464
10,20,tika-parsers/src/test/java/org/apache/tika/parser/chm/TestChmBlockInfo.java,0.004310,0.004310,0.004310,0.004310,0.004310,0.004310,0.004464,0.004464,0.004464,0.004464,0.004464,0.004464
10,20,tika-parsers/src/test/java/org/apache/tika/parser/chm/TestChmExtractor.java,0.004310,0.004310,0.004310,0.004310,0.004310,0.004310,0.004464,0.004464,0.004464,0.004464,0.004464,0.004464
10,21,tika-parsers/src/main/java/org/apache/tika/parser/chm/ChmParser.java,0.004310,0.004310,0.004310,0.004310,0.004310,0.004310,0.004464,0.004464,0.004464,0.004464,0.004464,0.004464
10,21,tika-parsers/src/main/java/org/apache/tika/parser/chm/CHM2XHTML.java,0.004310,0.004310,0.004310,0.004310,0.004310,0.004310,0.004464,0.004464,0.004464,0.004464,0.004464,0.004464
10,22,tika-parsers/src/main/java/org/apache/tika/parser/asm/XHTMLClassVisitor.java,0.004310,0.004310,0.004310,0.004310,0.004310,0.004310,0.004464,0.004464,0.004464,0.004464,0.004464,0.004464
10,22,tika-parsers/src/main/java/org/apache/tika/parser/asm/ClassParser.java,0.004310,0.004310,0.004310,0.004310,0.004310,0.004310,0.004464,0.004464,0.004464,0.004464,0.004464,0.004464
10,23,tika-core/src/main/java/org/apache/tika/sax/ToXMLContentHandler.java,0.006466,0.006466,0.006466,0.006466,0.006466,0.006466,0.006696,0.006696,0.006696,0.006696,0.006696,0.006696
10,23,tika-core/src/main/java/org/apache/tika/sax/ToHTMLContentHandler.java,0.006466,0.006466,0.006466,0.006466,0.006466,0.006466,0.006696,0.006696,0.006696,0.006696,0.006696,0.006696
10,23,tika-core/src/test/java/org/apache/tika/sax/SerializerTest.java,0.006466,0.006466,0.006466,0.006466,0.006466,0.006466,0.006696,0.006696,0.006696,0.006696,0.006696,0.006696
10,24,tika-core/src/main/java/org/apache/tika/io/NullInputStream.java,0.004310,0.004310,0.004310,0.004310,0.004310,0.004310,0.004464,0.004464,0.004464,0.004464,0.004464,0.004464
10,24,tika-core/src/test/java/org/apache/tika/sax/SecureContentHandlerTest.java,0.004310,0.004310,0.004310,0.004310,0.004310,0.004310,0.004464,0.004464,0.004464,0.004464,0.004464,0.004464
10,25,tika-core/src/main/java/org/apache/tika/sax/LinkContentHandler.java,0.008621,0.008621,0.008621,0.008621,0.008621,0.008621,0.008929,0.008929,0.008929,0.008929,0.008929,0.008929
10,25,tika-core/src/main/java/org/apache/tika/sax/LinkBuilder.java,0.008621,0.008621,0.008621,0.008621,0.008621,0.008621,0.008929,0.008929,0.008929,0.008929,0.008929,0.008929
10,25,tika-core/src/main/java/org/apache/tika/sax/Link.java,0.008621,0.008621,0.008621,0.008621,0.008621,0.008621,0.008929,0.008929,0.008929,0.008929,0.008929,0.008929
10,25,tika-core/src/test/java/org/apache/tika/sax/LinkContentHandlerTest.java,0.008621,0.008621,0.008621,0.008621,0.008621,0.008621,0.008929,0.008929,0.008929,0.008929,0.008929,0.008929
10,26,tika-core/src/test/java/org/apache/tika/parser/CompositeParserTest.java,0.004310,0.004310,0.004310,0.004310,0.004310,0.004310,0.004464,0.004464,0.004464,0.004464,0.004464,0.004464
10,26,tika-core/src/test/java/org/apache/tika/parser/DummyParser.java,0.004310,0.004310,0.004310,0.004310,0.004310,0.004310,0.004464,0.004464,0.004464,0.004464,0.004464,0.004464
10,27,tika-core/src/main/java/org/apache/tika/io/LookaheadInputStream.java,0.004310,0.004310,0.004310,0.004310,0.004310,0.004310,0.004464,0.004464,0.004464,0.004464,0.004464,0.004464
10,27,tika-core/src/test/java/org/apache/tika/io/LookaheadInputStreamTest.java,0.004310,0.004310,0.004310,0.004310,0.004310,0.004310,0.004464,0.004464,0.004464,0.004464,0.004464,0.004464
10,28,tika-core/src/test/java/org/apache/tika/fork/ForkTestParser.java,0.004310,0.004310,0.004310,0.004310,0.004310,0.004310,0.004464,0.004464,0.004464,0.004464,0.004464,0.004464
10,28,tika-core/src/test/java/org/apache/tika/fork/ForkParserTest.java,0.004310,0.004310,0.004310,0.004310,0.004310,0.004310,0.004464,0.004464,0.004464,0.004464,0.004464,0.004464
10,29,tika-core/src/main/java/org/apache/tika/detect/TypeDetector.java,0.004310,0.004310,0.004310,0.004310,0.004310,0.004310,0.004464,0.004464,0.004464,0.004464,0.004464,0.004464
10,29,tika-core/src/test/java/org/apache/tika/detect/TypeDetectorTest.java,0.004310,0.004310,0.004310,0.004310,0.004310,0.004310,0.004464,0.004464,0.004464,0.004464,0.004464,0.004464
10,30,tika-core/src/main/java/org/apache/tika/parser/external/ExternalParsersConfigReaderMetKeys.java,0.008621,0.008621,0.008621,0.008621,0.008621,0.008621,0.008929,0.008929,0.008929,0.008929,0.008929,0.008929
10,30,tika-core/src/main/java/org/apache/tika/parser/external/ExternalParsersConfigReader.java,0.008621,0.008621,0.008621,0.008621,0.008621,0.008621,0.008929,0.008929,0.008929,0.008929,0.008929,0.008929
10,30,tika-core/src/main/java/org/apache/tika/parser/external/CompositeExternalParser.java,0.008621,0.008621,0.008621,0.008621,0.008621,0.008621,0.008929,0.008929,0.008929,0.008929,0.008929,0.008929
10,30,tika-core/src/main/java/org/apache/tika/parser/external/ExternalParsersFactory.java,0.008621,0.008621,0.008621,0.008621,0.008621,0.008621,0.008929,0.008929,0.008929,0.008929,0.008929,0.008929
10,31,tika-core/src/main/java/org/apache/tika/parser/NetworkParser.java,0.012931,0.012931,0.011615,0.011615,0.012931,0.011615,0.012030,0.013393,0.012030,0.012030,0.013393,0.012030
10,31,tika-core/src/main/java/org/apache/tika/language/ProfilingHandler.java,0.012931,0.012931,0.011615,0.011615,0.012931,0.011615,0.012030,0.013393,0.012030,0.012030,0.013393,0.012030
10,31,tika-app/src/test/java/org/apache/tika/cli/TikaCLITest.java,0.012931,0.012931,0.011615,0.011615,0.012931,0.011615,0.012030,0.013393,0.012030,0.012030,0.013393,0.012030
10,31,tika-app/src/main/java/org/apache/tika/gui/TikaGUI.java,0.012931,0.012931,0.011615,0.011615,0.012931,0.011615,0.012030,0.013393,0.012030,0.012030,0.013393,0.012030
10,31,tika-app/src/main/java/org/apache/tika/gui/ParsingTransferHandler.java,0.012931,0.012931,0.011615,0.011615,0.012931,0.011615,0.012030,0.013393,0.012030,0.012030,0.013393,0.012030
10,31,tika-app/src/main/java/org/apache/tika/cli/TikaCLI.java,0.012931,0.012931,0.011615,0.011615,0.012931,0.011615,0.012030,0.013393,0.012030,0.012030,0.013393,0.012030
10,32,tika-parsers/src/test/java/org/apache/tika/embedder/ExternalEmbedderTest.java,0.006466,0.006466,0.006466,0.006466,0.006466,0.006466,0.006696,0.006696,0.006696,0.006696,0.006696,0.006696
10,32,tika-core/src/main/java/org/apache/tika/embedder/ExternalEmbedder.java,0.006466,0.006466,0.006466,0.006466,0.006466,0.006466,0.006696,0.006696,0.006696,0.006696,0.006696,0.006696
10,32,tika-core/src/main/java/org/apache/tika/embedder/Embedder.java,0.006466,0.006466,0.006466,0.006466,0.006466,0.006466,0.006696,0.006696,0.006696,0.006696,0.006696,0.006696
10,33,tika-core/src/main/java/org/apache/tika/detect/NameDetector.java,0.004310,0.004310,0.004310,0.004310,0.004310,0.004310,0.004464,0.004464,0.004464,0.004464,0.004464,0.004464
10,33,tika-core/src/test/java/org/apache/tika/detect/NameDetectorTest.java,0.004310,0.004310,0.004310,0.004310,0.004310,0.004310,0.004464,0.004464,0.004464,0.004464,0.004464,0.004464
10,34,tika-core/src/test/java/org/apache/tika/TestRereadableInputStream.java,0.004310,0.004310,0.004310,0.004310,0.004310,0.004310,0.004464,0.004464,0.004464,0.004464,0.004464,0.004464
10,34,tika-core/src/main/java/org/apache/tika/utils/RereadableInputStream.java,0.004310,0.004310,0.004310,0.004310,0.004310,0.004310,0.004464,0.004464,0.004464,0.004464,0.004464,0.004464
10,35,tika-parsers/src/main/java/org/apache/tika/parser/mp3/Mp3Parser.java,0.015086,0.015086,0.012478,0.012478,0.015086,0.012478,0.012923,0.015625,0.012923,0.012923,0.015625,0.012923
10,35,tika-parsers/src/main/java/org/apache/tika/parser/mp3/LyricsHandler.java,0.015086,0.015086,0.012478,0.012478,0.015086,0.012478,0.012923,0.015625,0.012923,0.012923,0.015625,0.012923
10,35,tika-parsers/src/main/java/org/apache/tika/parser/mp3/ID3v24Handler.java,0.015086,0.015086,0.012478,0.012478,0.015086,0.012478,0.012923,0.015625,0.012923,0.012923,0.015625,0.012923
10,35,tika-parsers/src/main/java/org/apache/tika/parser/mp3/ID3v23Handler.java,0.015086,0.015086,0.012478,0.012478,0.015086,0.012478,0.012923,0.015625,0.012923,0.012923,0.015625,0.012923
10,35,tika-parsers/src/main/java/org/apache/tika/parser/mp3/ID3v22Handler.java,0.015086,0.015086,0.012478,0.012478,0.015086,0.012478,0.012923,0.015625,0.012923,0.012923,0.015625,0.012923
10,35,tika-parsers/src/main/java/org/apache/tika/parser/mp3/ID3v1Handler.java,0.015086,0.015086,0.012478,0.012478,0.015086,0.012478,0.012923,0.015625,0.012923,0.012923,0.015625,0.012923
10,35,tika-parsers/src/main/java/org/apache/tika/parser/mp3/CompositeTagHandler.java,0.015086,0.015086,0.012478,0.012478,0.015086,0.012478,0.012923,0.015625,0.012923,0.012923,0.015625,0.012923
10,36,tika-parsers/src/main/java/org/apache/tika/parser/txt/UniversalEncodingDetector.java,0.004310,0.004310,0.004310,0.004310,0.004310,0.004310,0.004464,0.004464,0.004464,0.004464,0.004464,0.004464
10,36,tika-parsers/src/main/java/org/apache/tika/parser/txt/UniversalEncodingListener.java,0.004310,0.004310,0.004310,0.004310,0.004310,0.004310,0.004464,0.004464,0.004464,0.004464,0.004464,0.004464
10,37,tika-core/src/main/java/org/apache/tika/metadata/XMPMM.java,0.004310,0.004310,0.004310,0.004310,0.004310,0.004310,0.004464,0.004464,0.004464,0.004464,0.004464,0.004464
10,37,tika-core/src/main/java/org/apache/tika/metadata/XMPIdq.java,0.004310,0.004310,0.004310,0.004310,0.004310,0.004310,0.004464,0.004464,0.004464,0.004464,0.004464,0.004464
10,38,tika-server/src/test/java/org/apache/tika/server/MetadataEPTest.java,0.002155,0.002155,0.002155,0.002155,0.002155,0.002155,0.002232,0.002232,0.002232,0.002232,0.002232,0.002232
10,39,tika-core/src/test/java/org/apache/tika/mime/MediaTypeTest.java,0.002155,0.002155,0.002155,0.002155,0.002155,0.002155,0.002232,0.002232,0.002232,0.002232,0.002232,0.002232
10,40,tika-parsers/src/main/java/org/apache/tika/parser/audio/AudioParser.java,0.002155,0.002155,0.002155,0.002155,0.002155,0.002155,0.002232,0.002232,0.002232,0.002232,0.002232,0.002232
10,41,tika-core/src/test/java/org/apache/tika/metadata/TestMetadata.java,0.002155,0.002155,0.002155,0.002155,0.002155,0.002155,0.002232,0.002232,0.002232,0.002232,0.002232,0.002232
10,42,tika-parsers/src/main/java/org/apache/tika/parser/txt/Icu4jEncodingDetector.java,0.002155,0.002155,0.002155,0.002155,0.002155,0.002155,0.002232,0.002232,0.002232,0.002232,0.002232,0.002232
10,43,tika-core/src/main/java/org/apache/tika/io/CountingInputStream.java,0.002155,0.002155,0.002155,0.002155,0.002155,0.002155,0.002232,0.002232,0.002232,0.002232,0.002232,0.002232
10,44,tika-parsers/src/test/java/org/apache/tika/parser/chm/TestDirectoryListingEntry.java,0.002155,0.002155,0.002155,0.002155,0.002155,0.002155,0.002232,0.002232,0.002232,0.002232,0.002232,0.002232
10,45,tika-parsers/src/test/java/org/apache/tika/parser/microsoft/PowerPointParserTest.java,0.002155,0.002155,0.002155,0.002155,0.002155,0.002155,0.002232,0.002232,0.002232,0.002232,0.002232,0.002232
10,46,tika-core/src/test/java/org/apache/tika/io/TaggedInputStreamTest.java,0.002155,0.002155,0.002155,0.002155,0.002155,0.002155,0.002232,0.002232,0.002232,0.002232,0.002232,0.002232
10,47,tika-parsers/src/test/java/org/apache/tika/parser/rtf/RTFParserTest.java,0.002155,0.002155,0.002155,0.002155,0.002155,0.002155,0.002232,0.002232,0.002232,0.002232,0.002232,0.002232
10,48,tika-core/src/main/java/org/apache/tika/parser/ParserPostProcessor.java,0.002155,0.002155,0.002155,0.002155,0.002155,0.002155,0.002232,0.002232,0.002232,0.002232,0.002232,0.002232
10,49,tika-parsers/src/test/java/org/apache/tika/parser/chm/TestChmItsfHeader.java,0.002155,0.002155,0.002155,0.002155,0.002155,0.002155,0.002232,0.002232,0.002232,0.002232,0.002232,0.002232
10,50,tika-core/src/test/java/org/apache/tika/sax/xpath/XPathParserTest.java,0.002155,0.002155,0.002155,0.002155,0.002155,0.002155,0.002232,0.002232,0.002232,0.002232,0.002232,0.002232
10,51,tika-parsers/src/test/java/org/apache/tika/parser/ibooks/iBooksParserTest.java,0.004310,0.004310,0.004310,0.004310,0.004310,0.004310,0.004464,0.004464,0.004464,0.004464,0.004464,0.004464
10,51,tika-parsers/src/test/java/org/apache/tika/parser/epub/EpubParserTest.java,0.004310,0.004310,0.004310,0.004310,0.004310,0.004310,0.004464,0.004464,0.004464,0.004464,0.004464,0.004464
10,52,tika-parsers/src/main/java/org/apache/tika/parser/mp4/MP4Parser.java,0.002155,0.002155,0.002155,0.002155,0.002155,0.002155,0.002232,0.002232,0.002232,0.002232,0.002232,0.002232
10,53,tika-parsers/src/test/java/org/apache/tika/parser/chm/TestChmExtraction.java,0.002155,0.002155,0.002155,0.002155,0.002155,0.002155,0.002232,0.002232,0.002232,0.002232,0.002232,0.002232
10,54,tika-parsers/src/test/java/org/apache/tika/parser/chm/TestChmDocumentInformation.java,0.002155,0.002155,0.002155,0.002155,0.002155,0.002155,0.002232,0.002232,0.002232,0.002232,0.002232,0.002232
10,55,tika-core/src/test/java/org/apache/tika/io/TikaInputStreamTest.java,0.002155,0.002155,0.002155,0.002155,0.002155,0.002155,0.002232,0.002232,0.002232,0.002232,0.002232,0.002232
10,56,tika-core/src/main/java/org/apache/tika/parser/ErrorParser.java,0.002155,0.002155,0.002155,0.002155,0.002155,0.002155,0.002232,0.002232,0.002232,0.002232,0.002232,0.002232
10,57,tika-parsers/src/test/java/org/apache/tika/parser/chm/TestChmItspHeader.java,0.002155,0.002155,0.002155,0.002155,0.002155,0.002155,0.002232,0.002232,0.002232,0.002232,0.002232,0.002232
10,58,tika-parsers/src/test/java/org/apache/tika/parser/pkg/TarParserTest.java,0.006466,0.006466,0.006466,0.006466,0.006466,0.006466,0.006696,0.006696,0.006696,0.006696,0.006696,0.006696
10,58,tika-parsers/src/test/java/org/apache/tika/parser/pkg/GzipParserTest.java,0.006466,0.006466,0.006466,0.006466,0.006466,0.006466,0.006696,0.006696,0.006696,0.006696,0.006696,0.006696
10,58,tika-parsers/src/test/java/org/apache/tika/parser/pkg/Bzip2ParserTest.java,0.006466,0.006466,0.006466,0.006466,0.006466,0.006466,0.006696,0.006696,0.006696,0.006696,0.006696,0.006696
10,59,tika-core/src/main/java/org/apache/tika/detect/EmptyDetector.java,0.002155,0.002155,0.002155,0.002155,0.002155,0.002155,0.002232,0.002232,0.002232,0.002232,0.002232,0.002232
10,60,tika-core/src/main/java/org/apache/tika/config/TikaActivator.java,0.002155,0.002155,0.002155,0.002155,0.002155,0.002155,0.002232,0.002232,0.002232,0.002232,0.002232,0.002232
10,61,tika-core/src/test/java/org/apache/tika/sax/OfflineContentHandlerTest.java,0.002155,0.002155,0.002155,0.002155,0.002155,0.002155,0.002232,0.002232,0.002232,0.002232,0.002232,0.002232
10,62,tika-dotnet/src/main/java/Tika/Tika.java,0.002155,0.002155,0.002155,0.002155,0.002155,0.002155,0.002232,0.002232,0.002232,0.002232,0.002232,0.002232
10,63,tika-core/src/test/java/org/apache/tika/config/TikaConfigTest.java,0.002155,0.002155,0.002155,0.002155,0.002155,0.002155,0.002232,0.002232,0.002232,0.002232,0.002232,0.002232
10,64,tika-core/src/test/java/org/apache/tika/TikaIT.java,0.004310,0.004310,0.004310,0.004310,0.004310,0.004310,0.004464,0.004464,0.004464,0.004464,0.004464,0.004464
10,64,tika-core/src/test/java/org/apache/tika/TikaDetectionTest.java,0.004310,0.004310,0.004310,0.004310,0.004310,0.004310,0.004464,0.004464,0.004464,0.004464,0.004464,0.004464
10,65,tika-core/src/test/java/org/apache/tika/mime/PatternsTest.java,0.002155,0.002155,0.002155,0.002155,0.002155,0.002155,0.002232,0.002232,0.002232,0.002232,0.002232,0.002232
10,66,tika-core/src/test/java/org/apache/tika/mime/CustomReaderTest.java,0.002155,0.002155,0.002155,0.002155,0.002155,0.002155,0.002232,0.002232,0.002232,0.002232,0.002232,0.002232
10,67,tika-parsers/src/test/java/org/apache/tika/mime/MimeTypeTest.java,0.002155,0.002155,0.002155,0.002155,0.002155,0.002155,0.002232,0.002232,0.002232,0.002232,0.002232,0.002232
10,68,tika-parsers/src/test/java/org/apache/tika/parser/audio/MidiParserTest.java,0.006466,0.006466,0.006466,0.006466,0.006466,0.006466,0.006696,0.006696,0.006696,0.006696,0.006696,0.006696
10,68,tika-parsers/src/test/java/org/apache/tika/parser/audio/AudioParserTest.java,0.006466,0.006466,0.006466,0.006466,0.006466,0.006466,0.006696,0.006696,0.006696,0.006696,0.006696,0.006696
10,68,tika-parsers/src/test/java/org/apache/tika/parser/video/FLVParserTest.java,0.006466,0.006466,0.006466,0.006466,0.006466,0.006466,0.006696,0.006696,0.006696,0.006696,0.006696,0.006696
10,69,tika-parsers/src/main/java/org/apache/tika/parser/iptc/IptcAnpaParser.java,0.002155,0.002155,0.002155,0.002155,0.002155,0.002155,0.002232,0.002232,0.002232,0.002232,0.002232,0.002232
10,70,tika-parsers/src/test/java/org/apache/tika/parser/asm/ClassParserTest.java,0.002155,0.002155,0.002155,0.002155,0.002155,0.002155,0.002232,0.002232,0.002232,0.002232,0.002232,0.002232
10,71,tika-core/src/test/java/org/apache/tika/sax/SafeContentHandlerTest.java,0.002155,0.002155,0.002155,0.002155,0.002155,0.002155,0.002232,0.002232,0.002232,0.002232,0.002232,0.002232
10,72,tika-core/src/test/java/org/apache/tika/utils/RegexUtilsTest.java,0.002155,0.002155,0.002155,0.002155,0.002155,0.002155,0.002232,0.002232,0.002232,0.002232,0.002232,0.002232
10,73,tika-parsers/src/test/java/org/apache/tika/mime/MimeTypesTest.java,0.002155,0.002155,0.002155,0.002155,0.002155,0.002155,0.002232,0.002232,0.002232,0.002232,0.002232,0.002232
10,74,tika-core/src/main/java/org/apache/tika/sax/XMPContentHandler.java,0.002155,0.002155,0.002155,0.002155,0.002155,0.002155,0.002232,0.002232,0.002232,0.002232,0.002232,0.002232
10,75,tika-parsers/src/test/java/org/apache/tika/parser/iwork/AutoPageNumberUtilsTest.java,0.002155,0.002155,0.002155,0.002155,0.002155,0.002155,0.002232,0.002232,0.002232,0.002232,0.002232,0.002232
10,76,tika-core/src/test/java/org/apache/tika/mime/MimeTypesReaderTest.java,0.002155,0.002155,0.002155,0.002155,0.002155,0.002155,0.002232,0.002232,0.002232,0.002232,0.002232,0.002232
10,77,tika-core/src/test/java/org/apache/tika/mime/MimeDetectionTest.java,0.002155,0.002155,0.002155,0.002155,0.002155,0.002155,0.002232,0.002232,0.002232,0.002232,0.002232,0.002232
10,78,tika-parsers/src/test/java/org/apache/tika/mime/TestMimeTypes.java,0.002155,0.002155,0.002155,0.002155,0.002155,0.002155,0.002232,0.002232,0.002232,0.002232,0.002232,0.002232
10,79,tika-parsers/src/test/java/org/apache/tika/parser/mp4/MP4ParserTest.java,0.002155,0.002155,0.002155,0.002155,0.002155,0.002155,0.002232,0.002232,0.002232,0.002232,0.002232,0.002232
10,80,tika-parsers/src/test/java/org/apache/tika/parser/chm/TestChmLzxcResetTable.java,0.002155,0.002155,0.002155,0.002155,0.002155,0.002155,0.002232,0.002232,0.002232,0.002232,0.002232,0.002232
10,81,tika-parsers/src/test/java/org/apache/tika/parser/chm/TestChmLzxcControlData.java,0.002155,0.002155,0.002155,0.002155,0.002155,0.002155,0.002232,0.002232,0.002232,0.002232,0.002232,0.002232
10,82,tika-core/src/test/java/org/apache/tika/utils/CharsetUtilsTest.java,0.002155,0.002155,0.002155,0.002155,0.002155,0.002155,0.002232,0.002232,0.002232,0.002232,0.002232,0.002232
10,83,tika-parsers/src/test/java/org/apache/tika/parser/ParsingReaderTest.java,0.002155,0.002155,0.002155,0.002155,0.002155,0.002155,0.002232,0.002232,0.002232,0.002232,0.002232,0.002232
10,84,tika-core/src/test/java/org/apache/tika/sax/XHTMLContentHandlerTest.java,0.004310,0.004310,0.004310,0.004310,0.004310,0.004310,0.004464,0.004464,0.004464,0.004464,0.004464,0.004464
10,84,tika-core/src/test/java/org/apache/tika/sax/BodyContentHandlerTest.java,0.004310,0.004310,0.004310,0.004310,0.004310,0.004310,0.004464,0.004464,0.004464,0.004464,0.004464,0.004464
10,85,tika-core/src/test/java/org/apache/tika/TypeDetectionBenchmark.java,0.002155,0.002155,0.002155,0.002155,0.002155,0.002155,0.002232,0.002232,0.002232,0.002232,0.002232,0.002232
10,86,tika-parsers/src/main/java/org/apache/tika/parser/audio/MidiParser.java,0.004310,0.004310,0.004310,0.004310,0.004310,0.004310,0.004464,0.004464,0.004464,0.004464,0.004464,0.004464
10,86,tika-parsers/src/main/java/org/apache/tika/parser/video/FLVParser.java,0.004310,0.004310,0.004310,0.004310,0.004310,0.004310,0.004464,0.004464,0.004464,0.004464,0.004464,0.004464
10,87,tika-parsers/src/test/java/org/apache/tika/parser/txt/CharsetDetectorTest.java,0.002155,0.002155,0.002155,0.002155,0.002155,0.002155,0.002232,0.002232,0.002232,0.002232,0.002232,0.002232
10,88,tika-parsers/src/main/java/org/apache/tika/parser/font/AdobeFontMetricParser.java,0.002155,0.002155,0.002155,0.002155,0.002155,0.002155,0.002232,0.002232,0.002232,0.002232,0.002232,0.002232
10,89,tika-parsers/src/main/java/org/apache/tika/parser/chm/core/ChmWrapper.java,0.002155,0.002155,0.002155,0.002155,0.002155,0.002155,0.002232,0.002232,0.002232,0.002232,0.002232,0.002232
10,90,tika-parsers/src/test/java/org/apache/tika/parser/chm/TestChmLzxState.java,0.002155,0.002155,0.002155,0.002155,0.002155,0.002155,0.002232,0.002232,0.002232,0.002232,0.002232,0.002232
10,91,tika-core/src/test/java/org/apache/tika/language/ProfilingWriterTest.java,0.002155,0.002155,0.002155,0.002155,0.002155,0.002155,0.002232,0.002232,0.002232,0.002232,0.002232,0.002232
10,92,tika-core/src/test/java/org/apache/tika/language/LanguageProfileTest.java,0.002155,0.002155,0.002155,0.002155,0.002155,0.002155,0.002232,0.002232,0.002232,0.002232,0.002232,0.002232
10,93,tika-core/src/main/java/org/apache/tika/parser/CryptoParser.java,0.002155,0.002155,0.002155,0.002155,0.002155,0.002155,0.002232,0.002232,0.002232,0.002232,0.002232,0.002232
10,94,tika-xmp/src/test/java/org/apache/tika/xmp/TikaToXMPTest.java,0.002155,0.002155,0.002155,0.002155,0.002155,0.002155,0.002232,0.002232,0.002232,0.002232,0.002232,0.002232
10,95,tika-server/src/test/java/org/apache/tika/server/UnpackerResourceTest.java,0.002155,0.002155,0.002155,0.002155,0.002155,0.002155,0.002232,0.002232,0.002232,0.002232,0.002232,0.002232
10,96,tika-core/src/test/java/org/apache/tika/detect/TextDetectorTest.java,0.002155,0.002155,0.002155,0.002155,0.002155,0.002155,0.002232,0.002232,0.002232,0.002232,0.002232,0.002232
10,97,tika-parsers/src/main/java/org/apache/tika/parser/font/TrueTypeParser.java,0.002155,0.002155,0.002155,0.002155,0.002155,0.002155,0.002232,0.002232,0.002232,0.002232,0.002232,0.002232
10,98,tika-bundle/src/test/java/org/apache/tika/bundle/BundleIT.java,0.002155,0.002155,0.002155,0.002155,0.002155,0.002155,0.002232,0.002232,0.002232,0.002232,0.002232,0.002232
10,99,tika-parsers/src/main/java/org/apache/tika/parser/internal/Activator.java,0.002155,0.002155,0.002155,0.002155,0.002155,0.002155,0.002232,0.002232,0.002232,0.002232,0.002232,0.002232
10,100,tika-core/src/test/java/org/apache/tika/io/TailStreamTest.java,0.002155,0.002155,0.002155,0.002155,0.002155,0.002155,0.002232,0.002232,0.002232,0.002232,0.002232,0.002232
10,101,tika-core/src/test/java/org/apache/tika/detect/MagicDetectorTest.java,0.002155,0.002155,0.002155,0.002155,0.002155,0.002155,0.002232,0.002232,0.002232,0.002232,0.002232,0.002232
10,102,tika-xmp/src/test/java/org/apache/tika/xmp/XMPMetadataTest.java,0.002155,0.002155,0.002155,0.002155,0.002155,0.002155,0.002232,0.002232,0.002232,0.002232,0.002232,0.002232
10,103,tika-parsers/src/test/java/org/apache/tika/parser/microsoft/OutlookParserTest.java,0.002155,0.002155,0.002155,0.002155,0.002155,0.002155,0.002232,0.002232,0.002232,0.002232,0.002232,0.002232
10,104,tika-parsers/src/test/java/org/apache/tika/parser/AutoDetectParserTest.java,0.002155,0.002155,0.002155,0.002155,0.002155,0.002155,0.002232,0.002232,0.002232,0.002232,0.002232,0.002232
10,105,tika-core/src/test/java/org/apache/tika/language/LanguageIdentifierTest.java,0.002155,0.002155,0.002155,0.002155,0.002155,0.002155,0.002232,0.002232,0.002232,0.002232,0.002232,0.002232
10,106,tika-parsers/src/test/java/org/apache/tika/parser/microsoft/POIContainerExtractionTest.java,0.002155,0.002155,0.002155,0.002155,0.002155,0.002155,0.002232,0.002232,0.002232,0.002232,0.002232,0.002232
10,107,tika-parsers/src/test/java/org/apache/tika/parser/microsoft/VisioParserTest.java,0.002155,0.002155,0.002155,0.002155,0.002155,0.002155,0.002232,0.002232,0.002232,0.002232,0.002232,0.002232
10,108,tika-parsers/src/test/java/org/apache/tika/parser/microsoft/PublisherParserTest.java,0.002155,0.002155,0.002155,0.002155,0.002155,0.002155,0.002232,0.002232,0.002232,0.002232,0.002232,0.002232
10,109,tika-parsers/src/test/java/org/apache/tika/parser/microsoft/ProjectParserTest.java,0.002155,0.002155,0.002155,0.002155,0.002155,0.002155,0.002232,0.002232,0.002232,0.002232,0.002232,0.002232
10,110,tika-parsers/src/test/java/org/apache/tika/parser/mbox/MboxParserTest.java,0.002155,0.002155,0.002155,0.002155,0.002155,0.002155,0.002232,0.002232,0.002232,0.002232,0.002232,0.002232
10,111,tika-parsers/src/test/java/org/apache/tika/detect/TestContainerAwareDetector.java,0.002155,0.002155,0.002155,0.002155,0.002155,0.002155,0.002232,0.002232,0.002232,0.002232,0.002232,0.002232
10,112,tika-parsers/src/test/java/org/apache/tika/parser/font/AdobeFontMetricParserTest.java,0.002155,0.002155,0.002155,0.002155,0.002155,0.002155,0.002232,0.002232,0.002232,0.002232,0.002232,0.002232
10,113,tika-parsers/src/test/java/org/apache/tika/parser/pkg/ArParserTest.java,0.002155,0.002155,0.002155,0.002155,0.002155,0.002155,0.002232,0.002232,0.002232,0.002232,0.002232,0.002232
10,114,tika-parsers/src/test/java/org/apache/tika/parser/xml/DcXMLParserTest.java,0.002155,0.002155,0.002155,0.002155,0.002155,0.002155,0.002232,0.002232,0.002232,0.002232,0.002232,0.002232
10,115,tika-parsers/src/test/java/org/apache/tika/parser/fork/ForkParserIntegrationTest.java,0.002155,0.002155,0.002155,0.002155,0.002155,0.002155,0.002232,0.002232,0.002232,0.002232,0.002232,0.002232
10,116,tika-parsers/src/main/java/org/apache/tika/parser/html/HtmlEncodingDetector.java,0.002155,0.002155,0.002155,0.002155,0.002155,0.002155,0.002232,0.002232,0.002232,0.002232,0.002232,0.002232
10,117,tika-server/src/test/java/org/apache/tika/server/TikaVersionTest.java,0.002155,0.002155,0.002155,0.002155,0.002155,0.002155,0.002232,0.002232,0.002232,0.002232,0.002232,0.002232
10,118,tika-parsers/src/test/java/org/apache/tika/parser/mp3/MpegStreamTest.java,0.002155,0.002155,0.002155,0.002155,0.002155,0.002155,0.002232,0.002232,0.002232,0.002232,0.002232,0.002232
10,119,tika-parsers/src/test/java/org/apache/tika/parser/microsoft/ooxml/OOXMLContainerExtractionTest.java,0.002155,0.002155,0.002155,0.002155,0.002155,0.002155,0.002232,0.002232,0.002232,0.002232,0.002232,0.002232
10,120,tika-parsers/src/test/java/org/apache/tika/parser/iwork/IWorkParserTest.java,0.002155,0.002155,0.002155,0.002155,0.002155,0.002155,0.002232,0.002232,0.002232,0.002232,0.002232,0.002232
10,121,tika-parsers/src/test/java/org/apache/tika/TestParsers.java,0.002155,0.002155,0.002155,0.002155,0.002155,0.002155,0.002232,0.002232,0.002232,0.002232,0.002232,0.002232
10,122,tika-parsers/src/test/java/org/apache/tika/parser/image/xmp/JempboxExtractorTest.java,0.002155,0.002155,0.002155,0.002155,0.002155,0.002155,0.002232,0.002232,0.002232,0.002232,0.002232,0.002232
10,123,tika-parsers/src/test/java/org/apache/tika/parser/image/ImageMetadataExtractorTest.java,0.002155,0.002155,0.002155,0.002155,0.002155,0.002155,0.002232,0.002232,0.002232,0.002232,0.002232,0.002232
10,124,tika-parsers/src/test/java/org/apache/tika/parser/image/MetadataFieldsTest.java,0.002155,0.002155,0.002155,0.002155,0.002155,0.002155,0.002232,0.002232,0.002232,0.002232,0.002232,0.002232
10,125,tika-core/src/test/java/org/apache/tika/language/LanguageProfilerBuilderTest.java,0.002155,0.002155,0.002155,0.002155,0.002155,0.002155,0.002232,0.002232,0.002232,0.002232,0.002232,0.002232
10,126,tika-parsers/src/test/java/org/apache/tika/parser/netcdf/NetCDFParserTest.java,0.002155,0.002155,0.002155,0.002155,0.002155,0.002155,0.002232,0.002232,0.002232,0.002232,0.002232,0.002232
10,127,tika-server/src/test/java/org/apache/tika/server/MetadataResourceTest.java,0.002155,0.002155,0.002155,0.002155,0.002155,0.002155,0.002232,0.002232,0.002232,0.002232,0.002232,0.002232
10,128,tika-parsers/src/test/java/org/apache/tika/parser/mp3/Mp3ParserTest.java,0.002155,0.002155,0.002155,0.002155,0.002155,0.002155,0.002232,0.002232,0.002232,0.002232,0.002232,0.002232
10,129,tika-parsers/src/test/java/org/apache/tika/parser/txt/TXTParserTest.java,0.002155,0.002155,0.002155,0.002155,0.002155,0.002155,0.002232,0.002232,0.002232,0.002232,0.002232,0.002232
10,130,tika-parsers/src/test/java/org/apache/tika/parser/xml/EmptyAndDuplicateElementsXMLParserTest.java,0.002155,0.002155,0.002155,0.002155,0.002155,0.002155,0.002232,0.002232,0.002232,0.002232,0.002232,0.002232
11,0,tika-core/src/main/java/org/apache/tika/parser/package-info.java,0.002155,0.002155,0.002155,0.002155,0.002155,0.002155,0.000000,0.000000,0.000000,0.000000,0.000000,0.000000
11,1,tika-core/src/main/java/org/apache/tika/parser/external/package-info.java,0.002155,0.002155,0.002155,0.002155,0.002155,0.002155,0.000000,0.000000,0.000000,0.000000,0.000000,0.000000
11,2,tika-core/src/main/java/org/apache/tika/io/package-info.java,0.002155,0.002155,0.002155,0.002155,0.002155,0.002155,0.000000,0.000000,0.000000,0.000000,0.000000,0.000000
11,3,tika-core/src/main/java/org/apache/tika/utils/package-info.java,0.002155,0.002155,0.002155,0.002155,0.002155,0.002155,0.000000,0.000000,0.000000,0.000000,0.000000,0.000000
11,4,tika-core/src/main/java/org/apache/tika/sax/xpath/package-info.java,0.002155,0.002155,0.002155,0.002155,0.002155,0.002155,0.000000,0.000000,0.000000,0.000000,0.000000,0.000000
11,5,tika-core/src/main/java/org/apache/tika/language/package-info.java,0.002155,0.002155,0.002155,0.002155,0.002155,0.002155,0.000000,0.000000,0.000000,0.000000,0.000000,0.000000
11,6,tika-core/src/main/java/org/apache/tika/package-info.java,0.002155,0.002155,0.002155,0.002155,0.002155,0.002155,0.000000,0.000000,0.000000,0.000000,0.000000,0.000000
11,7,tika-core/src/main/java/org/apache/tika/mime/package-info.java,0.002155,0.002155,0.002155,0.002155,0.002155,0.002155,0.000000,0.000000,0.000000,0.000000,0.000000,0.000000
11,8,tika-core/src/main/java/org/apache/tika/sax/package-info.java,0.002155,0.002155,0.002155,0.002155,0.002155,0.002155,0.000000,0.000000,0.000000,0.000000,0.000000,0.000000
11,9,tika-core/src/main/java/org/apache/tika/extractor/package-info.java,0.002155,0.002155,0.002155,0.002155,0.002155,0.002155,0.000000,0.000000,0.000000,0.000000,0.000000,0.000000
11,10,tika-core/src/main/java/org/apache/tika/detect/package-info.java,0.002155,0.002155,0.002155,0.002155,0.002155,0.002155,0.000000,0.000000,0.000000,0.000000,0.000000,0.000000
11,11,tika-core/src/main/java/org/apache/tika/exception/package-info.java,0.002155,0.002155,0.002155,0.002155,0.002155,0.002155,0.000000,0.000000,0.000000,0.000000,0.000000,0.000000
11,12,tika-core/src/main/java/org/apache/tika/config/package-info.java,0.002155,0.002155,0.002155,0.002155,0.002155,0.002155,0.000000,0.000000,0.000000,0.000000,0.000000,0.000000
11,13,tika-core/src/main/java/org/apache/tika/mime/HexCoDec.java,0.002155,0.002155,0.002155,0.002155,0.002155,0.002155,0.000000,0.000000,0.000000,0.000000,0.000000,0.000000
11,14,tika-core/src/main/java/org/apache/tika/metadata/package-info.java,0.002155,0.002155,0.002155,0.002155,0.002155,0.002155,0.000000,0.000000,0.000000,0.000000,0.000000,0.000000
11,15,tika-core/src/main/java/org/apache/tika/fork/package-info.java,0.002155,0.002155,0.002155,0.002155,0.002155,0.002155,0.000000,0.000000,0.000000,0.000000,0.000000,0.000000
 , ,464.000000,0.845858,1.000000,0.881836,0.759568,0.961067,0.853673,0.828416,1.000000,0.877616,0.744926,0.957632,0.847012
