0,0,modules/cache/mod_disk_cache.h,0.003047,0.003067,0.003067,0.003047,0.003047,0.003047,0.005254,0.005319,0.005319,0.005254,0.005254,0.005254
0,1,server/mpm/event/fdqueue.h,0.012188,0.012270,0.012270,0.012188,0.012188,0.012188,0.021016,0.021277,0.021277,0.021016,0.021016,0.021016
0,1,server/mpm/event/fdqueue.c,0.012188,0.012270,0.012270,0.012188,0.012188,0.012188,0.021016,0.021277,0.021277,0.021016,0.021016,0.021016
0,1,server/mpm/worker/fdqueue.h,0.012188,0.012270,0.012270,0.012188,0.012188,0.012188,0.021016,0.021277,0.021277,0.021016,0.021016,0.021016
0,1,server/mpm/worker/fdqueue.c,0.012188,0.012270,0.012270,0.012188,0.012188,0.012188,0.021016,0.021277,0.021277,0.021016,0.021016,0.021016
0,2,server/mpm/event/mpm_default.h,0.003006,0.003067,0.003067,0.003006,0.003017,0.003017,0.005123,0.005319,0.005319,0.005123,0.005156,0.005156
0,3,server/mpm/mpmt_os2/mpm_default.h,0.003017,0.003067,0.003067,0.003017,0.003017,0.003017,0.005156,0.005319,0.005319,0.005156,0.005156,0.005156
0,4,server/mpm/prefork/mpm_default.h,0.003027,0.003067,0.003067,0.003027,0.003027,0.003027,0.005189,0.005319,0.005319,0.005189,0.005189,0.005189
0,5,server/mpm/winnt/mpm_default.h,0.003006,0.003067,0.003067,0.003006,0.003006,0.003006,0.005123,0.005319,0.005319,0.005123,0.005123,0.005123
0,6,server/mpm/worker/mpm_default.h,0.003006,0.003067,0.003067,0.003006,0.003017,0.003017,0.005123,0.005319,0.005319,0.005123,0.005156,0.005156
0,7,server/mpm/winnt/mpm_winnt.h,0.003027,0.003067,0.003067,0.003027,0.003027,0.003027,0.005189,0.005319,0.005319,0.005189,0.005189,0.005189
0,8,os/unix/os.h,0.003027,0.003067,0.003067,0.003027,0.003047,0.003047,0.005189,0.005319,0.005319,0.005189,0.005254,0.005254
0,9,modules/test/mod_optional_hook_export.h,0.003047,0.003067,0.003067,0.003047,0.003047,0.003047,0.005254,0.005319,0.005319,0.005254,0.005254,0.005254
0,10,modules/test/mod_optional_fn_export.h,0.003047,0.003067,0.003067,0.003047,0.003047,0.003047,0.005254,0.005319,0.005319,0.005254,0.005254,0.005254
0,11,modules/loggers/mod_log_config.h,0.002731,0.003067,0.003067,0.002731,0.003037,0.003037,0.004242,0.005319,0.005319,0.004242,0.005221,0.005221
0,12,modules/session/mod_session.h,0.003027,0.003067,0.003067,0.003027,0.003027,0.003027,0.005189,0.005319,0.005319,0.005189,0.005189,0.005189
0,13,modules/proxy/mod_proxy.h,0.002884,0.003067,0.003067,0.002884,0.002935,0.002935,0.004732,0.005319,0.005319,0.004732,0.004895,0.004895
0,14,modules/lua/mod_lua.h,0.009019,0.009202,0.009202,0.009019,0.009019,0.009019,0.015370,0.015957,0.015957,0.015370,0.015370,0.015370
0,14,modules/lua/lua_vmprep.h,0.009019,0.009202,0.009202,0.009019,0.009019,0.009019,0.015370,0.015957,0.015957,0.015370,0.015370,0.015370
0,14,modules/lua/lua_request.h,0.009019,0.009202,0.009202,0.009019,0.009019,0.009019,0.015370,0.015957,0.015957,0.015370,0.015370,0.015370
0,15,modules/lua/lua_apr.h,0.003027,0.003067,0.003067,0.003027,0.003037,0.003037,0.005189,0.005319,0.005319,0.005189,0.005221,0.005221
0,16,modules/ldap/util_ldap_cache.h,0.003037,0.003067,0.003067,0.003037,0.003037,0.003037,0.005221,0.005319,0.005319,0.005221,0.005221,0.005221
0,17,modules/generators/mod_suexec.h,0.003047,0.003067,0.003067,0.003047,0.003047,0.003047,0.005254,0.005319,0.005319,0.005254,0.005254,0.005254
0,18,modules/filters/mod_include.h,0.003047,0.003067,0.003067,0.003047,0.003047,0.003047,0.005254,0.005319,0.005319,0.005254,0.005254,0.005254
0,19,modules/cache/mod_cache.h,0.002966,0.003067,0.003067,0.002966,0.002986,0.002986,0.004993,0.005319,0.005319,0.004993,0.005058,0.005058
1,0,modules/proxy/proxy_util.c,0.005844,0.006135,0.006135,0.005844,0.005969,0.005969,0.009690,0.010638,0.010638,0.009690,0.010096,0.010096
1,0,modules/proxy/mod_proxy.c,0.005844,0.006135,0.006135,0.005844,0.005969,0.005969,0.009690,0.010638,0.010638,0.009690,0.010096,0.010096
1,1,modules/cache/cache_util.c,0.003036,0.003067,0.003067,0.003036,0.003036,0.003036,0.005218,0.005319,0.005319,0.005218,0.005218,0.005218
1,2,server/mpm/event/pod.h,0.003047,0.003067,0.003067,0.003047,0.003047,0.003047,0.005251,0.005319,0.005319,0.005251,0.005251,0.005251
1,3,modules/lua/lua_config.h,0.003036,0.003067,0.003067,0.003036,0.003036,0.003036,0.005218,0.005319,0.005319,0.005218,0.005218,0.005218
1,4,server/mpm/worker/pod.h,0.003047,0.003067,0.003067,0.003047,0.003047,0.003047,0.005251,0.005319,0.005319,0.005251,0.005251,0.005251
2,0,support/win32/ApacheMonitor.h,0.006135,0.006135,0.006135,0.006135,0.006135,0.006135,0.010638,0.010638,0.010638,0.010638,0.010638,0.010638
2,0,support/win32/ApacheMonitor.c,0.006135,0.006135,0.006135,0.006135,0.006135,0.006135,0.010638,0.010638,0.010638,0.010638,0.010638,0.010638
2,1,support/suexec.h,0.006135,0.006135,0.006135,0.006135,0.006135,0.006135,0.010638,0.010638,0.010638,0.010638,0.010638,0.010638
2,1,support/suexec.c,0.006135,0.006135,0.006135,0.006135,0.006135,0.006135,0.010638,0.010638,0.010638,0.010638,0.010638,0.010638
2,2,modules/ssl/ssl_engine_kernel.c,0.095092,0.095092,0.044568,0.044568,0.095092,0.044568,0.077282,0.164894,0.077282,0.077282,0.164894,0.077282
2,2,modules/ssl/ssl_engine_io.c,0.095092,0.095092,0.044568,0.044568,0.095092,0.044568,0.077282,0.164894,0.077282,0.077282,0.164894,0.077282
2,2,modules/ssl/ssl_engine_init.c,0.095092,0.095092,0.044568,0.044568,0.095092,0.044568,0.077282,0.164894,0.077282,0.077282,0.164894,0.077282
2,2,modules/ssl/ssl_engine_dh.c,0.095092,0.095092,0.044568,0.044568,0.095092,0.044568,0.077282,0.164894,0.077282,0.077282,0.164894,0.077282
2,2,modules/ssl/ssl_scache.c,0.095092,0.095092,0.044568,0.044568,0.095092,0.044568,0.077282,0.164894,0.077282,0.077282,0.164894,0.077282
2,2,modules/ssl/mod_ssl.h,0.095092,0.095092,0.044568,0.044568,0.095092,0.044568,0.077282,0.164894,0.077282,0.077282,0.164894,0.077282
2,2,modules/ssl/mod_ssl.c,0.095092,0.095092,0.044568,0.044568,0.095092,0.044568,0.077282,0.164894,0.077282,0.077282,0.164894,0.077282
2,2,modules/ssl/ssl_expr_parse.c,0.095092,0.095092,0.044568,0.044568,0.095092,0.044568,0.077282,0.164894,0.077282,0.077282,0.164894,0.077282
2,2,modules/mappers/mod_rewrite.h,0.095092,0.095092,0.044568,0.044568,0.095092,0.044568,0.077282,0.164894,0.077282,0.077282,0.164894,0.077282
2,2,modules/mappers/mod_rewrite.c,0.095092,0.095092,0.044568,0.044568,0.095092,0.044568,0.077282,0.164894,0.077282,0.077282,0.164894,0.077282
2,2,modules/arch/netware/mod_nw_ssl.c,0.095092,0.095092,0.044568,0.044568,0.095092,0.044568,0.077282,0.164894,0.077282,0.077282,0.164894,0.077282
2,2,modules/ssl/ssl_util_stapling.c,0.095092,0.095092,0.044568,0.044568,0.095092,0.044568,0.077282,0.164894,0.077282,0.077282,0.164894,0.077282
2,2,modules/ssl/ssl_util_ssl.h,0.095092,0.095092,0.044568,0.044568,0.095092,0.044568,0.077282,0.164894,0.077282,0.077282,0.164894,0.077282
2,2,modules/ssl/ssl_util_ssl.c,0.095092,0.095092,0.044568,0.044568,0.095092,0.044568,0.077282,0.164894,0.077282,0.077282,0.164894,0.077282
2,2,modules/ssl/ssl_util_ocsp.c,0.095092,0.095092,0.044568,0.044568,0.095092,0.044568,0.077282,0.164894,0.077282,0.077282,0.164894,0.077282
2,2,modules/ssl/ssl_util.c,0.095092,0.095092,0.044568,0.044568,0.095092,0.044568,0.077282,0.164894,0.077282,0.077282,0.164894,0.077282
2,2,modules/ssl/ssl_toolkit_compat.h,0.095092,0.095092,0.044568,0.044568,0.095092,0.044568,0.077282,0.164894,0.077282,0.077282,0.164894,0.077282
2,2,support/ab.c,0.095092,0.095092,0.044568,0.044568,0.095092,0.044568,0.077282,0.164894,0.077282,0.077282,0.164894,0.077282
2,2,modules/ssl/ssl_private.h,0.095092,0.095092,0.044568,0.044568,0.095092,0.044568,0.077282,0.164894,0.077282,0.077282,0.164894,0.077282
2,2,modules/ssl/ssl_expr_scan.c,0.095092,0.095092,0.044568,0.044568,0.095092,0.044568,0.077282,0.164894,0.077282,0.077282,0.164894,0.077282
2,2,modules/ssl/ssl_expr_parse.h,0.095092,0.095092,0.044568,0.044568,0.095092,0.044568,0.077282,0.164894,0.077282,0.077282,0.164894,0.077282
2,2,modules/ssl/ssl_engine_config.c,0.095092,0.095092,0.044568,0.044568,0.095092,0.044568,0.077282,0.164894,0.077282,0.077282,0.164894,0.077282
2,2,modules/ssl/ssl_expr_eval.c,0.095092,0.095092,0.044568,0.044568,0.095092,0.044568,0.077282,0.164894,0.077282,0.077282,0.164894,0.077282
2,2,modules/ssl/ssl_expr.h,0.095092,0.095092,0.044568,0.044568,0.095092,0.044568,0.077282,0.164894,0.077282,0.077282,0.164894,0.077282
2,2,modules/ssl/ssl_expr.c,0.095092,0.095092,0.044568,0.044568,0.095092,0.044568,0.077282,0.164894,0.077282,0.077282,0.164894,0.077282
2,2,modules/ssl/ssl_engine_vars.c,0.095092,0.095092,0.044568,0.044568,0.095092,0.044568,0.077282,0.164894,0.077282,0.077282,0.164894,0.077282
2,2,modules/ssl/ssl_engine_rand.c,0.095092,0.095092,0.044568,0.044568,0.095092,0.044568,0.077282,0.164894,0.077282,0.077282,0.164894,0.077282
2,2,modules/ssl/ssl_engine_pphrase.c,0.095092,0.095092,0.044568,0.044568,0.095092,0.044568,0.077282,0.164894,0.077282,0.077282,0.164894,0.077282
2,2,modules/ssl/ssl_engine_ocsp.c,0.095092,0.095092,0.044568,0.044568,0.095092,0.044568,0.077282,0.164894,0.077282,0.077282,0.164894,0.077282
2,2,modules/ssl/ssl_engine_mutex.c,0.095092,0.095092,0.044568,0.044568,0.095092,0.044568,0.077282,0.164894,0.077282,0.077282,0.164894,0.077282
2,2,modules/ssl/ssl_engine_log.c,0.095092,0.095092,0.044568,0.044568,0.095092,0.044568,0.077282,0.164894,0.077282,0.077282,0.164894,0.077282
2,3,server/mpm/winnt/nt_eventlog.c,0.006135,0.006135,0.006135,0.006135,0.006135,0.006135,0.010638,0.010638,0.010638,0.010638,0.010638,0.010638
2,3,server/mpm/winnt/service.c,0.006135,0.006135,0.006135,0.006135,0.006135,0.006135,0.010638,0.010638,0.010638,0.010638,0.010638,0.010638
2,4,server/mpm/simple/simple_types.h,0.033742,0.033742,0.022647,0.022647,0.033742,0.022647,0.039272,0.058511,0.039272,0.039272,0.058511,0.039272
2,4,server/mpm/simple/simple_run.h,0.033742,0.033742,0.022647,0.022647,0.033742,0.022647,0.039272,0.058511,0.039272,0.039272,0.058511,0.039272
2,4,server/mpm/simple/simple_run.c,0.033742,0.033742,0.022647,0.022647,0.033742,0.022647,0.039272,0.058511,0.039272,0.039272,0.058511,0.039272
2,4,server/mpm/simple/simple_io.h,0.033742,0.033742,0.022647,0.022647,0.033742,0.022647,0.039272,0.058511,0.039272,0.039272,0.058511,0.039272
2,4,server/mpm/simple/simple_io.c,0.033742,0.033742,0.022647,0.022647,0.033742,0.022647,0.039272,0.058511,0.039272,0.039272,0.058511,0.039272
2,4,server/mpm/simple/simple_event.h,0.033742,0.033742,0.022647,0.022647,0.033742,0.022647,0.039272,0.058511,0.039272,0.039272,0.058511,0.039272
2,4,server/mpm/simple/simple_event.c,0.033742,0.033742,0.022647,0.022647,0.033742,0.022647,0.039272,0.058511,0.039272,0.039272,0.058511,0.039272
2,4,server/mpm/simple/simple_core.c,0.033742,0.033742,0.022647,0.022647,0.033742,0.022647,0.039272,0.058511,0.039272,0.039272,0.058511,0.039272
2,4,server/mpm/simple/simple_children.h,0.033742,0.033742,0.022647,0.022647,0.033742,0.022647,0.039272,0.058511,0.039272,0.039272,0.058511,0.039272
2,4,server/mpm/simple/simple_children.c,0.033742,0.033742,0.022647,0.022647,0.033742,0.022647,0.039272,0.058511,0.039272,0.039272,0.058511,0.039272
2,4,server/mpm/simple/simple_api.c,0.033742,0.033742,0.022647,0.022647,0.033742,0.022647,0.039272,0.058511,0.039272,0.039272,0.058511,0.039272
2,5,server/mpm/netware/mpm_netware.c,0.006135,0.006135,0.006135,0.006135,0.006135,0.006135,0.010638,0.010638,0.010638,0.010638,0.010638,0.010638
2,5,server/mpm/netware/mpm_default.h,0.006135,0.006135,0.006135,0.006135,0.006135,0.006135,0.010638,0.010638,0.010638,0.010638,0.010638,0.010638
2,6,os/unix/unixd.h,0.006135,0.006135,0.006135,0.006135,0.006135,0.006135,0.010638,0.010638,0.010638,0.010638,0.010638,0.010638
2,6,os/unix/unixd.c,0.006135,0.006135,0.006135,0.006135,0.006135,0.006135,0.010638,0.010638,0.010638,0.010638,0.010638,0.010638
2,7,os/os2/util_os2.c,0.006135,0.006135,0.006135,0.006135,0.006135,0.006135,0.010638,0.010638,0.010638,0.010638,0.010638,0.010638
2,7,os/os2/os.h,0.006135,0.006135,0.006135,0.006135,0.006135,0.006135,0.010638,0.010638,0.010638,0.010638,0.010638,0.010638
2,8,os/bs2000/os.h,0.006135,0.006135,0.006135,0.006135,0.006135,0.006135,0.010638,0.010638,0.010638,0.010638,0.010638,0.010638
2,8,os/bs2000/os.c,0.006135,0.006135,0.006135,0.006135,0.006135,0.006135,0.010638,0.010638,0.010638,0.010638,0.010638,0.010638
2,9,os/bs2000/ebcdic.h,0.006135,0.006135,0.006135,0.006135,0.006135,0.006135,0.010638,0.010638,0.010638,0.010638,0.010638,0.010638
2,9,os/bs2000/ebcdic.c,0.006135,0.006135,0.006135,0.006135,0.006135,0.006135,0.010638,0.010638,0.010638,0.010638,0.010638,0.010638
2,10,modules/proxy/mod_serf.h,0.006135,0.006135,0.006135,0.006135,0.006135,0.006135,0.010638,0.010638,0.010638,0.010638,0.010638,0.010638
2,10,modules/proxy/mod_serf.c,0.006135,0.006135,0.006135,0.006135,0.006135,0.006135,0.010638,0.010638,0.010638,0.010638,0.010638,0.010638
2,11,modules/proxy/mod_proxy_fdpass.h,0.006135,0.006135,0.006135,0.006135,0.006135,0.006135,0.010638,0.010638,0.010638,0.010638,0.010638,0.010638
2,11,modules/proxy/mod_proxy_fdpass.c,0.006135,0.006135,0.006135,0.006135,0.006135,0.006135,0.010638,0.010638,0.010638,0.010638,0.010638,0.010638
2,12,modules/proxy/mod_proxy_fcgi.c,0.006135,0.006135,0.006135,0.006135,0.006135,0.006135,0.010638,0.010638,0.010638,0.010638,0.010638,0.010638
2,12,modules/proxy/fcgi_protocol.h,0.006135,0.006135,0.006135,0.006135,0.006135,0.006135,0.010638,0.010638,0.010638,0.010638,0.010638,0.010638
2,13,modules/proxy/ajp_utils.c,0.021472,0.021472,0.017760,0.017760,0.021472,0.017760,0.030796,0.037234,0.030796,0.030796,0.037234,0.030796
2,13,modules/proxy/ajp_msg.c,0.021472,0.021472,0.017760,0.017760,0.021472,0.017760,0.030796,0.037234,0.030796,0.030796,0.037234,0.030796
2,13,modules/proxy/ajp_link.c,0.021472,0.021472,0.017760,0.017760,0.021472,0.017760,0.030796,0.037234,0.030796,0.030796,0.037234,0.030796
2,13,modules/proxy/ajp_header.h,0.021472,0.021472,0.017760,0.017760,0.021472,0.017760,0.030796,0.037234,0.030796,0.030796,0.037234,0.030796
2,13,modules/proxy/ajp_header.c,0.021472,0.021472,0.017760,0.017760,0.021472,0.017760,0.030796,0.037234,0.030796,0.030796,0.037234,0.030796
2,13,modules/proxy/ajp.h,0.021472,0.021472,0.017760,0.017760,0.021472,0.017760,0.030796,0.037234,0.030796,0.030796,0.037234,0.030796
2,13,modules/proxy/mod_proxy_ajp.c,0.021472,0.021472,0.017760,0.017760,0.021472,0.017760,0.030796,0.037234,0.030796,0.030796,0.037234,0.030796
2,14,modules/lua/mod_lua.c,0.006135,0.006135,0.006135,0.006135,0.006135,0.006135,0.010638,0.010638,0.010638,0.010638,0.010638,0.010638
2,14,modules/lua/lua_config.c,0.006135,0.006135,0.006135,0.006135,0.006135,0.006135,0.010638,0.010638,0.010638,0.010638,0.010638,0.010638
2,15,modules/generators/mod_status.h,0.006135,0.006135,0.006135,0.006135,0.006135,0.006135,0.010638,0.010638,0.010638,0.010638,0.010638,0.010638
2,15,modules/generators/mod_status.c,0.006135,0.006135,0.006135,0.006135,0.006135,0.006135,0.010638,0.010638,0.010638,0.010638,0.010638,0.010638
2,16,modules/generators/mod_cgi.h,0.006135,0.006135,0.006135,0.006135,0.006135,0.006135,0.010638,0.010638,0.010638,0.010638,0.010638,0.010638
2,16,modules/generators/mod_cgi.c,0.006135,0.006135,0.006135,0.006135,0.006135,0.006135,0.010638,0.010638,0.010638,0.010638,0.010638,0.010638
2,17,modules/filters/mod_sed.c,0.021472,0.021472,0.017760,0.017760,0.021472,0.017760,0.030796,0.037234,0.030796,0.030796,0.037234,0.030796
2,17,modules/filters/libsed.h,0.021472,0.021472,0.017760,0.017760,0.021472,0.017760,0.030796,0.037234,0.030796,0.030796,0.037234,0.030796
2,17,modules/filters/sed1.c,0.021472,0.021472,0.017760,0.017760,0.021472,0.017760,0.030796,0.037234,0.030796,0.030796,0.037234,0.030796
2,17,modules/filters/sed0.c,0.021472,0.021472,0.017760,0.017760,0.021472,0.017760,0.030796,0.037234,0.030796,0.030796,0.037234,0.030796
2,17,modules/filters/sed.h,0.021472,0.021472,0.017760,0.017760,0.021472,0.017760,0.030796,0.037234,0.030796,0.030796,0.037234,0.030796
2,17,modules/filters/regexp.h,0.021472,0.021472,0.017760,0.017760,0.021472,0.017760,0.030796,0.037234,0.030796,0.030796,0.037234,0.030796
2,17,modules/filters/regexp.c,0.021472,0.021472,0.017760,0.017760,0.021472,0.017760,0.030796,0.037234,0.030796,0.030796,0.037234,0.030796
2,18,modules/filters/mod_ratelimit.h,0.006135,0.006135,0.006135,0.006135,0.006135,0.006135,0.010638,0.010638,0.010638,0.010638,0.010638,0.010638
2,18,modules/filters/mod_ratelimit.c,0.006135,0.006135,0.006135,0.006135,0.006135,0.006135,0.010638,0.010638,0.010638,0.010638,0.010638,0.010638
2,19,modules/dav/main/util_lock.c,0.024540,0.024540,0.018993,0.018993,0.024540,0.018993,0.032935,0.042553,0.032935,0.032935,0.042553,0.032935
2,19,modules/dav/main/util.c,0.024540,0.024540,0.018993,0.018993,0.024540,0.018993,0.032935,0.042553,0.032935,0.032935,0.042553,0.032935
2,19,modules/dav/main/std_liveprop.c,0.024540,0.024540,0.018993,0.018993,0.024540,0.018993,0.032935,0.042553,0.032935,0.032935,0.042553,0.032935
2,19,modules/dav/main/providers.c,0.024540,0.024540,0.018993,0.018993,0.024540,0.018993,0.032935,0.042553,0.032935,0.032935,0.042553,0.032935
2,19,modules/dav/main/props.c,0.024540,0.024540,0.018993,0.018993,0.024540,0.018993,0.032935,0.042553,0.032935,0.032935,0.042553,0.032935
2,19,modules/dav/main/mod_dav.h,0.024540,0.024540,0.018993,0.018993,0.024540,0.018993,0.032935,0.042553,0.032935,0.032935,0.042553,0.032935
2,19,modules/dav/main/mod_dav.c,0.024540,0.024540,0.018993,0.018993,0.024540,0.018993,0.032935,0.042553,0.032935,0.032935,0.042553,0.032935
2,19,modules/dav/main/liveprop.c,0.024540,0.024540,0.018993,0.018993,0.024540,0.018993,0.032935,0.042553,0.032935,0.032935,0.042553,0.032935
2,20,modules/dav/lock/mod_dav_lock.c,0.009202,0.009202,0.009202,0.009202,0.009202,0.009202,0.015957,0.015957,0.015957,0.015957,0.015957,0.015957
2,20,modules/dav/lock/locks.h,0.009202,0.009202,0.009202,0.009202,0.009202,0.009202,0.015957,0.015957,0.015957,0.015957,0.015957,0.015957
2,20,modules/dav/lock/locks.c,0.009202,0.009202,0.009202,0.009202,0.009202,0.009202,0.015957,0.015957,0.015957,0.015957,0.015957,0.015957
2,21,modules/dav/fs/repos.h,0.015337,0.015337,0.015337,0.015337,0.015337,0.015337,0.026596,0.026596,0.026596,0.026596,0.026596,0.026596
2,21,modules/dav/fs/repos.c,0.015337,0.015337,0.015337,0.015337,0.015337,0.015337,0.026596,0.026596,0.026596,0.026596,0.026596,0.026596
2,21,modules/dav/fs/mod_dav_fs.c,0.015337,0.015337,0.015337,0.015337,0.015337,0.015337,0.026596,0.026596,0.026596,0.026596,0.026596,0.026596
2,21,modules/dav/fs/lock.c,0.015337,0.015337,0.015337,0.015337,0.015337,0.015337,0.026596,0.026596,0.026596,0.026596,0.026596,0.026596
2,21,modules/dav/fs/dbm.c,0.015337,0.015337,0.015337,0.015337,0.015337,0.015337,0.026596,0.026596,0.026596,0.026596,0.026596,0.026596
2,22,modules/database/mod_dbd.h,0.006135,0.006135,0.006135,0.006135,0.006135,0.006135,0.010638,0.010638,0.010638,0.010638,0.010638,0.010638
2,22,modules/database/mod_dbd.c,0.006135,0.006135,0.006135,0.006135,0.006135,0.006135,0.010638,0.010638,0.010638,0.010638,0.010638,0.010638
2,23,modules/cache/mod_cache.c,0.006135,0.006135,0.006135,0.006135,0.006135,0.006135,0.010638,0.010638,0.010638,0.010638,0.010638,0.010638
2,23,modules/cache/cache_storage.c,0.006135,0.006135,0.006135,0.006135,0.006135,0.006135,0.010638,0.010638,0.010638,0.010638,0.010638,0.010638
2,24,modules/cache/cache_pqueue.h,0.018405,0.018405,0.016532,0.016532,0.018405,0.016532,0.028667,0.031915,0.028667,0.028667,0.031915,0.028667
2,24,modules/cache/cache_pqueue.c,0.018405,0.018405,0.016532,0.016532,0.018405,0.016532,0.028667,0.031915,0.028667,0.028667,0.031915,0.028667
2,24,modules/cache/cache_hash.h,0.018405,0.018405,0.016532,0.016532,0.018405,0.016532,0.028667,0.031915,0.028667,0.028667,0.031915,0.028667
2,24,modules/cache/cache_hash.c,0.018405,0.018405,0.016532,0.016532,0.018405,0.016532,0.028667,0.031915,0.028667,0.028667,0.031915,0.028667
2,24,modules/cache/cache_cache.h,0.018405,0.018405,0.016532,0.016532,0.018405,0.016532,0.028667,0.031915,0.028667,0.028667,0.031915,0.028667
2,24,modules/cache/cache_cache.c,0.018405,0.018405,0.016532,0.016532,0.018405,0.016532,0.028667,0.031915,0.028667,0.028667,0.031915,0.028667
2,25,modules/core/mod_watchdog.h,0.006135,0.006135,0.006135,0.006135,0.006135,0.006135,0.010638,0.010638,0.010638,0.010638,0.010638,0.010638
2,25,modules/core/mod_watchdog.c,0.006135,0.006135,0.006135,0.006135,0.006135,0.006135,0.010638,0.010638,0.010638,0.010638,0.010638,0.010638
2,26,modules/aaa/mod_authz_dbd.h,0.006135,0.006135,0.006135,0.006135,0.006135,0.006135,0.010638,0.010638,0.010638,0.010638,0.010638,0.010638
2,26,modules/aaa/mod_authz_dbd.c,0.006135,0.006135,0.006135,0.006135,0.006135,0.006135,0.010638,0.010638,0.010638,0.010638,0.010638,0.010638
2,27,modules/core/mod_so.h,0.006135,0.006135,0.006135,0.006135,0.006135,0.006135,0.010638,0.010638,0.010638,0.010638,0.010638,0.010638
2,27,modules/core/mod_so.c,0.006135,0.006135,0.006135,0.006135,0.006135,0.006135,0.010638,0.010638,0.010638,0.010638,0.010638,0.010638
2,28,modules/arch/win32/mod_isapi.h,0.006135,0.006135,0.006135,0.006135,0.006135,0.006135,0.010638,0.010638,0.010638,0.010638,0.010638,0.010638
2,28,modules/arch/win32/mod_isapi.c,0.006135,0.006135,0.006135,0.006135,0.006135,0.006135,0.010638,0.010638,0.010638,0.010638,0.010638,0.010638
2,29,modules/arch/unix/mod_unixd.h,0.006135,0.006135,0.006135,0.006135,0.006135,0.006135,0.010638,0.010638,0.010638,0.010638,0.010638,0.010638
2,29,modules/arch/unix/mod_unixd.c,0.006135,0.006135,0.006135,0.006135,0.006135,0.006135,0.010638,0.010638,0.010638,0.010638,0.010638,0.010638
2,30,support/htcacheclean.c,0.003067,0.003067,0.003067,0.003067,0.003067,0.003067,0.005319,0.005319,0.005319,0.005319,0.005319,0.005319
2,31,modules/test/mod_optional_fn_import.c,0.006135,0.006135,0.006135,0.006135,0.006135,0.006135,0.010638,0.010638,0.010638,0.010638,0.010638,0.010638
2,31,modules/test/mod_optional_fn_export.c,0.006135,0.006135,0.006135,0.006135,0.006135,0.006135,0.010638,0.010638,0.010638,0.010638,0.010638,0.010638
2,32,modules/generators/mod_suexec.c,0.003067,0.003067,0.003067,0.003067,0.003067,0.003067,0.005319,0.005319,0.005319,0.005319,0.005319,0.005319
2,33,modules/cache/mod_disk_cache.c,0.003067,0.003067,0.003067,0.003067,0.003067,0.003067,0.005319,0.005319,0.005319,0.005319,0.005319,0.005319
2,34,server/mpm/event/event.c,0.003067,0.003067,0.003067,0.003067,0.003067,0.003067,0.005319,0.005319,0.005319,0.005319,0.005319,0.005319
2,35,modules/loggers/mod_logio.c,0.006135,0.006135,0.006135,0.006135,0.006135,0.006135,0.010638,0.010638,0.010638,0.010638,0.010638,0.010638
2,35,modules/loggers/mod_log_config.c,0.006135,0.006135,0.006135,0.006135,0.006135,0.006135,0.010638,0.010638,0.010638,0.010638,0.010638,0.010638
2,36,modules/session/mod_session_crypto.c,0.012270,0.012270,0.012270,0.012270,0.012270,0.012270,0.021277,0.021277,0.021277,0.021277,0.021277,0.021277
2,36,modules/session/mod_session_cookie.c,0.012270,0.012270,0.012270,0.012270,0.012270,0.012270,0.021277,0.021277,0.021277,0.021277,0.021277,0.021277
2,36,modules/session/mod_session.c,0.012270,0.012270,0.012270,0.012270,0.012270,0.012270,0.021277,0.021277,0.021277,0.021277,0.021277,0.021277
2,36,modules/session/mod_session_dbd.c,0.012270,0.012270,0.012270,0.012270,0.012270,0.012270,0.021277,0.021277,0.021277,0.021277,0.021277,0.021277
2,37,modules/filters/mod_include.c,0.003067,0.003067,0.003067,0.003067,0.003067,0.003067,0.005319,0.005319,0.005319,0.005319,0.005319,0.005319
2,38,server/mpm/mpmt_os2/mpmt_os2_child.c,0.003067,0.003067,0.003067,0.003067,0.003067,0.003067,0.005319,0.005319,0.005319,0.005319,0.005319,0.005319
2,39,server/mpm/prefork/prefork.c,0.006135,0.006135,0.006135,0.006135,0.006135,0.006135,0.010638,0.010638,0.010638,0.010638,0.010638,0.010638
2,39,server/mpm/mpmt_os2/mpmt_os2.c,0.006135,0.006135,0.006135,0.006135,0.006135,0.006135,0.010638,0.010638,0.010638,0.010638,0.010638,0.010638
2,40,modules/generators/mod_cgid.c,0.003067,0.003067,0.003067,0.003067,0.003067,0.003067,0.005319,0.005319,0.005319,0.005319,0.005319,0.005319
2,41,server/mpm/worker/pod.c,0.003067,0.003067,0.003067,0.003067,0.003067,0.003067,0.005319,0.005319,0.005319,0.005319,0.005319,0.005319
2,42,modules/lua/lua_request.c,0.003067,0.003067,0.003067,0.003067,0.003067,0.003067,0.005319,0.005319,0.005319,0.005319,0.005319,0.005319
2,43,modules/lua/lua_apr.c,0.003067,0.003067,0.003067,0.003067,0.003067,0.003067,0.005319,0.005319,0.005319,0.005319,0.005319,0.005319
2,44,modules/lua/lua_vmprep.c,0.003067,0.003067,0.003067,0.003067,0.003067,0.003067,0.005319,0.005319,0.005319,0.005319,0.005319,0.005319
2,45,server/mpm/winnt/mpm_winnt.c,0.006135,0.006135,0.006135,0.006135,0.006135,0.006135,0.010638,0.010638,0.010638,0.010638,0.010638,0.010638
2,45,server/mpm/winnt/child.c,0.006135,0.006135,0.006135,0.006135,0.006135,0.006135,0.010638,0.010638,0.010638,0.010638,0.010638,0.010638
2,46,server/mpm/event/pod.c,0.003067,0.003067,0.003067,0.003067,0.003067,0.003067,0.005319,0.005319,0.005319,0.005319,0.005319,0.005319
2,47,modules/proxy/mod_proxy_scgi.c,0.006135,0.006135,0.006135,0.006135,0.006135,0.006135,0.010638,0.010638,0.010638,0.010638,0.010638,0.010638
2,47,modules/proxy/mod_proxy_balancer.c,0.006135,0.006135,0.006135,0.006135,0.006135,0.006135,0.010638,0.010638,0.010638,0.010638,0.010638,0.010638
2,48,modules/proxy/mod_proxy_http.c,0.009202,0.009202,0.009202,0.009202,0.009202,0.009202,0.015957,0.015957,0.015957,0.015957,0.015957,0.015957
2,48,modules/proxy/mod_proxy_ftp.c,0.009202,0.009202,0.009202,0.009202,0.009202,0.009202,0.015957,0.015957,0.015957,0.015957,0.015957,0.015957
2,48,modules/proxy/mod_proxy_connect.c,0.009202,0.009202,0.009202,0.009202,0.009202,0.009202,0.015957,0.015957,0.015957,0.015957,0.015957,0.015957
2,49,server/mpm/worker/worker.c,0.003067,0.003067,0.003067,0.003067,0.003067,0.003067,0.005319,0.005319,0.005319,0.005319,0.005319,0.005319
2,50,modules/test/mod_optional_hook_import.c,0.006135,0.006135,0.006135,0.006135,0.006135,0.006135,0.010638,0.010638,0.010638,0.010638,0.010638,0.010638
2,50,modules/test/mod_optional_hook_export.c,0.006135,0.006135,0.006135,0.006135,0.006135,0.006135,0.010638,0.010638,0.010638,0.010638,0.010638,0.010638
2,51,modules/ldap/util_ldap_cache_mgr.c,0.009202,0.009202,0.009202,0.009202,0.009202,0.009202,0.015957,0.015957,0.015957,0.015957,0.015957,0.015957
2,51,modules/ldap/util_ldap_cache.c,0.009202,0.009202,0.009202,0.009202,0.009202,0.009202,0.015957,0.015957,0.015957,0.015957,0.015957,0.015957
2,51,modules/ldap/util_ldap.c,0.009202,0.009202,0.009202,0.009202,0.009202,0.009202,0.015957,0.015957,0.015957,0.015957,0.015957,0.015957
3,0,test/time-sem.c,0.003067,0.003067,0.003067,0.003067,0.003067,0.003067,0.000000,0.000000,0.000000,0.000000,0.000000,0.000000
3,1,test/test_select.c,0.003067,0.003067,0.003067,0.003067,0.003067,0.003067,0.000000,0.000000,0.000000,0.000000,0.000000,0.000000
3,2,test/test_parser.c,0.003067,0.003067,0.003067,0.003067,0.003067,0.003067,0.000000,0.000000,0.000000,0.000000,0.000000,0.000000
3,3,test/test_limits.c,0.003067,0.003067,0.003067,0.003067,0.003067,0.003067,0.000000,0.000000,0.000000,0.000000,0.000000,0.000000
3,4,test/test_find.c,0.003067,0.003067,0.003067,0.003067,0.003067,0.003067,0.000000,0.000000,0.000000,0.000000,0.000000,0.000000
3,5,test/test-writev.c,0.003067,0.003067,0.003067,0.003067,0.003067,0.003067,0.000000,0.000000,0.000000,0.000000,0.000000,0.000000
3,6,test/cls.c,0.003067,0.003067,0.003067,0.003067,0.003067,0.003067,0.000000,0.000000,0.000000,0.000000,0.000000,0.000000
3,7,support/win32/wintty.c,0.003067,0.003067,0.003067,0.003067,0.003067,0.003067,0.000000,0.000000,0.000000,0.000000,0.000000,0.000000
3,8,support/rotatelogs.c,0.003067,0.003067,0.003067,0.003067,0.003067,0.003067,0.000000,0.000000,0.000000,0.000000,0.000000,0.000000
3,9,support/logresolve.c,0.003067,0.003067,0.003067,0.003067,0.003067,0.003067,0.000000,0.000000,0.000000,0.000000,0.000000,0.000000
3,10,support/httxt2dbm.c,0.003067,0.003067,0.003067,0.003067,0.003067,0.003067,0.000000,0.000000,0.000000,0.000000,0.000000,0.000000
3,11,support/htpasswd.c,0.003067,0.003067,0.003067,0.003067,0.003067,0.003067,0.000000,0.000000,0.000000,0.000000,0.000000,0.000000
3,12,support/htdigest.c,0.003067,0.003067,0.003067,0.003067,0.003067,0.003067,0.000000,0.000000,0.000000,0.000000,0.000000,0.000000
3,13,support/htdbm.c,0.003067,0.003067,0.003067,0.003067,0.003067,0.003067,0.000000,0.000000,0.000000,0.000000,0.000000,0.000000
3,14,support/fcgistarter.c,0.003067,0.003067,0.003067,0.003067,0.003067,0.003067,0.000000,0.000000,0.000000,0.000000,0.000000,0.000000
3,15,support/checkgid.c,0.003067,0.003067,0.003067,0.003067,0.003067,0.003067,0.000000,0.000000,0.000000,0.000000,0.000000,0.000000
3,16,server/vhost.c,0.003067,0.003067,0.003067,0.003067,0.003067,0.003067,0.000000,0.000000,0.000000,0.000000,0.000000,0.000000
3,17,server/util_xml.c,0.003067,0.003067,0.003067,0.003067,0.003067,0.003067,0.000000,0.000000,0.000000,0.000000,0.000000,0.000000
3,18,server/util_time.c,0.003067,0.003067,0.003067,0.003067,0.003067,0.003067,0.000000,0.000000,0.000000,0.000000,0.000000,0.000000
3,19,server/util_script.c,0.003067,0.003067,0.003067,0.003067,0.003067,0.003067,0.000000,0.000000,0.000000,0.000000,0.000000,0.000000
3,20,server/util_pcre.c,0.003067,0.003067,0.003067,0.003067,0.003067,0.003067,0.000000,0.000000,0.000000,0.000000,0.000000,0.000000
3,21,server/util_mutex.c,0.003067,0.003067,0.003067,0.003067,0.003067,0.003067,0.000000,0.000000,0.000000,0.000000,0.000000,0.000000
3,22,server/util_md5.c,0.003067,0.003067,0.003067,0.003067,0.003067,0.003067,0.000000,0.000000,0.000000,0.000000,0.000000,0.000000
3,23,server/util_filter.c,0.003067,0.003067,0.003067,0.003067,0.003067,0.003067,0.000000,0.000000,0.000000,0.000000,0.000000,0.000000
3,24,server/util_expr.c,0.003067,0.003067,0.003067,0.003067,0.003067,0.003067,0.000000,0.000000,0.000000,0.000000,0.000000,0.000000
3,25,server/util_ebcdic.c,0.003067,0.003067,0.003067,0.003067,0.003067,0.003067,0.000000,0.000000,0.000000,0.000000,0.000000,0.000000
3,26,server/util_debug.c,0.003067,0.003067,0.003067,0.003067,0.003067,0.003067,0.000000,0.000000,0.000000,0.000000,0.000000,0.000000
3,27,server/util_cookies.c,0.003067,0.003067,0.003067,0.003067,0.003067,0.003067,0.000000,0.000000,0.000000,0.000000,0.000000,0.000000
3,28,server/util_charset.c,0.003067,0.003067,0.003067,0.003067,0.003067,0.003067,0.000000,0.000000,0.000000,0.000000,0.000000,0.000000
3,29,server/util_cfgtree.c,0.003067,0.003067,0.003067,0.003067,0.003067,0.003067,0.000000,0.000000,0.000000,0.000000,0.000000,0.000000
3,30,server/util.c,0.003067,0.003067,0.003067,0.003067,0.003067,0.003067,0.000000,0.000000,0.000000,0.000000,0.000000,0.000000
3,31,server/scoreboard.c,0.003067,0.003067,0.003067,0.003067,0.003067,0.003067,0.000000,0.000000,0.000000,0.000000,0.000000,0.000000
3,32,server/request.c,0.003067,0.003067,0.003067,0.003067,0.003067,0.003067,0.000000,0.000000,0.000000,0.000000,0.000000,0.000000
3,33,server/provider.c,0.003067,0.003067,0.003067,0.003067,0.003067,0.003067,0.000000,0.000000,0.000000,0.000000,0.000000,0.000000
3,34,server/protocol.c,0.003067,0.003067,0.003067,0.003067,0.003067,0.003067,0.000000,0.000000,0.000000,0.000000,0.000000,0.000000
3,35,server/mpm_unix.c,0.003067,0.003067,0.003067,0.003067,0.003067,0.003067,0.000000,0.000000,0.000000,0.000000,0.000000,0.000000
3,36,server/mpm_common.c,0.003067,0.003067,0.003067,0.003067,0.003067,0.003067,0.000000,0.000000,0.000000,0.000000,0.000000,0.000000
3,37,server/main.c,0.003067,0.003067,0.003067,0.003067,0.003067,0.003067,0.000000,0.000000,0.000000,0.000000,0.000000,0.000000
3,38,server/log.c,0.003067,0.003067,0.003067,0.003067,0.003067,0.003067,0.000000,0.000000,0.000000,0.000000,0.000000,0.000000
3,39,server/listen.c,0.003067,0.003067,0.003067,0.003067,0.003067,0.003067,0.000000,0.000000,0.000000,0.000000,0.000000,0.000000
3,40,server/gen_test_char.c,0.003067,0.003067,0.003067,0.003067,0.003067,0.003067,0.000000,0.000000,0.000000,0.000000,0.000000,0.000000
3,41,server/error_bucket.c,0.003067,0.003067,0.003067,0.003067,0.003067,0.003067,0.000000,0.000000,0.000000,0.000000,0.000000,0.000000
3,42,server/eor_bucket.c,0.003067,0.003067,0.003067,0.003067,0.003067,0.003067,0.000000,0.000000,0.000000,0.000000,0.000000,0.000000
3,43,server/eoc_bucket.c,0.003067,0.003067,0.003067,0.003067,0.003067,0.003067,0.000000,0.000000,0.000000,0.000000,0.000000,0.000000
3,44,server/core_filters.c,0.003067,0.003067,0.003067,0.003067,0.003067,0.003067,0.000000,0.000000,0.000000,0.000000,0.000000,0.000000
3,45,server/core.c,0.003067,0.003067,0.003067,0.003067,0.003067,0.003067,0.000000,0.000000,0.000000,0.000000,0.000000,0.000000
3,46,server/connection.c,0.003067,0.003067,0.003067,0.003067,0.003067,0.003067,0.000000,0.000000,0.000000,0.000000,0.000000,0.000000
3,47,server/config.c,0.003067,0.003067,0.003067,0.003067,0.003067,0.003067,0.000000,0.000000,0.000000,0.000000,0.000000,0.000000
3,48,server/buildmark.c,0.003067,0.003067,0.003067,0.003067,0.003067,0.003067,0.000000,0.000000,0.000000,0.000000,0.000000,0.000000
3,49,os/win32/util_win32.c,0.003067,0.003067,0.003067,0.003067,0.003067,0.003067,0.000000,0.000000,0.000000,0.000000,0.000000,0.000000
3,50,os/win32/modules.c,0.003067,0.003067,0.003067,0.003067,0.003067,0.003067,0.000000,0.000000,0.000000,0.000000,0.000000,0.000000
3,51,os/win32/ap_regkey.c,0.003067,0.003067,0.003067,0.003067,0.003067,0.003067,0.000000,0.000000,0.000000,0.000000,0.000000,0.000000
3,52,os/netware/util_nw.c,0.003067,0.003067,0.003067,0.003067,0.003067,0.003067,0.000000,0.000000,0.000000,0.000000,0.000000,0.000000
3,53,os/netware/modules.c,0.003067,0.003067,0.003067,0.003067,0.003067,0.003067,0.000000,0.000000,0.000000,0.000000,0.000000,0.000000
3,54,modules/test/mod_dialup.c,0.003067,0.003067,0.003067,0.003067,0.003067,0.003067,0.000000,0.000000,0.000000,0.000000,0.000000,0.000000
3,55,modules/slotmem/mod_slotmem_shm.c,0.003067,0.003067,0.003067,0.003067,0.003067,0.003067,0.000000,0.000000,0.000000,0.000000,0.000000,0.000000
3,56,modules/slotmem/mod_slotmem_plain.c,0.003067,0.003067,0.003067,0.003067,0.003067,0.003067,0.000000,0.000000,0.000000,0.000000,0.000000,0.000000
3,57,modules/proxy/examples/mod_lbmethod_rr.c,0.003067,0.003067,0.003067,0.003067,0.003067,0.003067,0.000000,0.000000,0.000000,0.000000,0.000000,0.000000
3,58,modules/proxy/balancers/mod_lbmethod_heartbeat.c,0.003067,0.003067,0.003067,0.003067,0.003067,0.003067,0.000000,0.000000,0.000000,0.000000,0.000000,0.000000
3,59,modules/proxy/balancers/mod_lbmethod_bytraffic.c,0.003067,0.003067,0.003067,0.003067,0.003067,0.003067,0.000000,0.000000,0.000000,0.000000,0.000000,0.000000
3,60,modules/proxy/balancers/mod_lbmethod_byrequests.c,0.003067,0.003067,0.003067,0.003067,0.003067,0.003067,0.000000,0.000000,0.000000,0.000000,0.000000,0.000000
3,61,modules/proxy/balancers/mod_lbmethod_bybusyness.c,0.003067,0.003067,0.003067,0.003067,0.003067,0.003067,0.000000,0.000000,0.000000,0.000000,0.000000,0.000000
3,62,modules/metadata/mod_version.c,0.003067,0.003067,0.003067,0.003067,0.003067,0.003067,0.000000,0.000000,0.000000,0.000000,0.000000,0.000000
3,63,modules/metadata/mod_usertrack.c,0.003067,0.003067,0.003067,0.003067,0.003067,0.003067,0.000000,0.000000,0.000000,0.000000,0.000000,0.000000
3,64,modules/metadata/mod_unique_id.c,0.003067,0.003067,0.003067,0.003067,0.003067,0.003067,0.000000,0.000000,0.000000,0.000000,0.000000,0.000000
3,65,modules/metadata/mod_setenvif.c,0.003067,0.003067,0.003067,0.003067,0.003067,0.003067,0.000000,0.000000,0.000000,0.000000,0.000000,0.000000
3,66,modules/metadata/mod_remoteip.c,0.003067,0.003067,0.003067,0.003067,0.003067,0.003067,0.000000,0.000000,0.000000,0.000000,0.000000,0.000000
3,67,modules/metadata/mod_mime_magic.c,0.003067,0.003067,0.003067,0.003067,0.003067,0.003067,0.000000,0.000000,0.000000,0.000000,0.000000,0.000000
3,68,modules/metadata/mod_ident.c,0.003067,0.003067,0.003067,0.003067,0.003067,0.003067,0.000000,0.000000,0.000000,0.000000,0.000000,0.000000
3,69,modules/metadata/mod_headers.c,0.003067,0.003067,0.003067,0.003067,0.003067,0.003067,0.000000,0.000000,0.000000,0.000000,0.000000,0.000000
3,70,modules/metadata/mod_expires.c,0.003067,0.003067,0.003067,0.003067,0.003067,0.003067,0.000000,0.000000,0.000000,0.000000,0.000000,0.000000
3,71,modules/metadata/mod_env.c,0.003067,0.003067,0.003067,0.003067,0.003067,0.003067,0.000000,0.000000,0.000000,0.000000,0.000000,0.000000
3,72,modules/metadata/mod_cern_meta.c,0.003067,0.003067,0.003067,0.003067,0.003067,0.003067,0.000000,0.000000,0.000000,0.000000,0.000000,0.000000
3,73,modules/mappers/mod_vhost_alias.c,0.003067,0.003067,0.003067,0.003067,0.003067,0.003067,0.000000,0.000000,0.000000,0.000000,0.000000,0.000000
3,74,modules/mappers/mod_userdir.c,0.003067,0.003067,0.003067,0.003067,0.003067,0.003067,0.000000,0.000000,0.000000,0.000000,0.000000,0.000000
3,75,modules/mappers/mod_speling.c,0.003067,0.003067,0.003067,0.003067,0.003067,0.003067,0.000000,0.000000,0.000000,0.000000,0.000000,0.000000
3,76,modules/mappers/mod_negotiation.c,0.003067,0.003067,0.003067,0.003067,0.003067,0.003067,0.000000,0.000000,0.000000,0.000000,0.000000,0.000000
3,77,modules/mappers/mod_imagemap.c,0.003067,0.003067,0.003067,0.003067,0.003067,0.003067,0.000000,0.000000,0.000000,0.000000,0.000000,0.000000
3,78,modules/mappers/mod_dir.c,0.003067,0.003067,0.003067,0.003067,0.003067,0.003067,0.000000,0.000000,0.000000,0.000000,0.000000,0.000000
3,79,modules/mappers/mod_alias.c,0.003067,0.003067,0.003067,0.003067,0.003067,0.003067,0.000000,0.000000,0.000000,0.000000,0.000000,0.000000
3,80,modules/mappers/mod_actions.c,0.003067,0.003067,0.003067,0.003067,0.003067,0.003067,0.000000,0.000000,0.000000,0.000000,0.000000,0.000000
3,81,modules/loggers/mod_log_forensic.c,0.003067,0.003067,0.003067,0.003067,0.003067,0.003067,0.000000,0.000000,0.000000,0.000000,0.000000,0.000000
3,82,modules/http/mod_mime.c,0.003067,0.003067,0.003067,0.003067,0.003067,0.003067,0.000000,0.000000,0.000000,0.000000,0.000000,0.000000
3,83,modules/http/http_request.c,0.003067,0.003067,0.003067,0.003067,0.003067,0.003067,0.000000,0.000000,0.000000,0.000000,0.000000,0.000000
3,84,modules/http/http_protocol.c,0.003067,0.003067,0.003067,0.003067,0.003067,0.003067,0.000000,0.000000,0.000000,0.000000,0.000000,0.000000
3,85,modules/http/http_filters.c,0.003067,0.003067,0.003067,0.003067,0.003067,0.003067,0.000000,0.000000,0.000000,0.000000,0.000000,0.000000
3,86,modules/http/http_etag.c,0.003067,0.003067,0.003067,0.003067,0.003067,0.003067,0.000000,0.000000,0.000000,0.000000,0.000000,0.000000
3,87,modules/http/http_core.c,0.003067,0.003067,0.003067,0.003067,0.003067,0.003067,0.000000,0.000000,0.000000,0.000000,0.000000,0.000000
3,88,modules/http/chunk_filter.c,0.003067,0.003067,0.003067,0.003067,0.003067,0.003067,0.000000,0.000000,0.000000,0.000000,0.000000,0.000000
3,89,modules/http/byterange_filter.c,0.003067,0.003067,0.003067,0.003067,0.003067,0.003067,0.000000,0.000000,0.000000,0.000000,0.000000,0.000000
3,90,modules/generators/mod_info.c,0.003067,0.003067,0.003067,0.003067,0.003067,0.003067,0.000000,0.000000,0.000000,0.000000,0.000000,0.000000
3,91,modules/generators/mod_autoindex.c,0.003067,0.003067,0.003067,0.003067,0.003067,0.003067,0.000000,0.000000,0.000000,0.000000,0.000000,0.000000
3,92,modules/generators/mod_asis.c,0.003067,0.003067,0.003067,0.003067,0.003067,0.003067,0.000000,0.000000,0.000000,0.000000,0.000000,0.000000
3,93,modules/filters/mod_substitute.c,0.003067,0.003067,0.003067,0.003067,0.003067,0.003067,0.000000,0.000000,0.000000,0.000000,0.000000,0.000000
3,94,modules/filters/mod_request.c,0.003067,0.003067,0.003067,0.003067,0.003067,0.003067,0.000000,0.000000,0.000000,0.000000,0.000000,0.000000
3,95,modules/filters/mod_reqtimeout.c,0.003067,0.003067,0.003067,0.003067,0.003067,0.003067,0.000000,0.000000,0.000000,0.000000,0.000000,0.000000
3,96,modules/filters/mod_reflector.c,0.003067,0.003067,0.003067,0.003067,0.003067,0.003067,0.000000,0.000000,0.000000,0.000000,0.000000,0.000000
3,97,modules/filters/mod_filter.c,0.003067,0.003067,0.003067,0.003067,0.003067,0.003067,0.000000,0.000000,0.000000,0.000000,0.000000,0.000000
3,98,modules/filters/mod_ext_filter.c,0.003067,0.003067,0.003067,0.003067,0.003067,0.003067,0.000000,0.000000,0.000000,0.000000,0.000000,0.000000
3,99,modules/filters/mod_deflate.c,0.003067,0.003067,0.003067,0.003067,0.003067,0.003067,0.000000,0.000000,0.000000,0.000000,0.000000,0.000000
3,100,modules/filters/mod_charset_lite.c,0.003067,0.003067,0.003067,0.003067,0.003067,0.003067,0.000000,0.000000,0.000000,0.000000,0.000000,0.000000
3,101,modules/filters/mod_buffer.c,0.003067,0.003067,0.003067,0.003067,0.003067,0.003067,0.000000,0.000000,0.000000,0.000000,0.000000,0.000000
3,102,modules/experimental/mod_noloris.c,0.003067,0.003067,0.003067,0.003067,0.003067,0.003067,0.000000,0.000000,0.000000,0.000000,0.000000,0.000000
3,103,modules/examples/mod_example_ipc.c,0.003067,0.003067,0.003067,0.003067,0.003067,0.003067,0.000000,0.000000,0.000000,0.000000,0.000000,0.000000
3,104,modules/examples/mod_example_hooks.c,0.003067,0.003067,0.003067,0.003067,0.003067,0.003067,0.000000,0.000000,0.000000,0.000000,0.000000,0.000000
3,105,modules/examples/mod_case_filter_in.c,0.003067,0.003067,0.003067,0.003067,0.003067,0.003067,0.000000,0.000000,0.000000,0.000000,0.000000,0.000000
3,106,modules/examples/mod_case_filter.c,0.003067,0.003067,0.003067,0.003067,0.003067,0.003067,0.000000,0.000000,0.000000,0.000000,0.000000,0.000000
3,107,modules/echo/mod_echo.c,0.003067,0.003067,0.003067,0.003067,0.003067,0.003067,0.000000,0.000000,0.000000,0.000000,0.000000,0.000000
3,108,modules/debugging/mod_dumpio.c,0.003067,0.003067,0.003067,0.003067,0.003067,0.003067,0.000000,0.000000,0.000000,0.000000,0.000000,0.000000
3,109,modules/debugging/mod_bucketeer.c,0.003067,0.003067,0.003067,0.003067,0.003067,0.003067,0.000000,0.000000,0.000000,0.000000,0.000000,0.000000
3,110,modules/cluster/mod_heartmonitor.c,0.003067,0.003067,0.003067,0.003067,0.003067,0.003067,0.000000,0.000000,0.000000,0.000000,0.000000,0.000000
3,111,modules/cluster/mod_heartbeat.c,0.003067,0.003067,0.003067,0.003067,0.003067,0.003067,0.000000,0.000000,0.000000,0.000000,0.000000,0.000000
3,112,modules/cache/mod_socache_shmcb.c,0.003067,0.003067,0.003067,0.003067,0.003067,0.003067,0.000000,0.000000,0.000000,0.000000,0.000000,0.000000
3,113,modules/cache/mod_socache_memcache.c,0.003067,0.003067,0.003067,0.003067,0.003067,0.003067,0.000000,0.000000,0.000000,0.000000,0.000000,0.000000
3,114,modules/cache/mod_socache_dc.c,0.003067,0.003067,0.003067,0.003067,0.003067,0.003067,0.000000,0.000000,0.000000,0.000000,0.000000,0.000000
3,115,modules/cache/mod_socache_dbm.c,0.003067,0.003067,0.003067,0.003067,0.003067,0.003067,0.000000,0.000000,0.000000,0.000000,0.000000,0.000000
3,116,modules/cache/mod_file_cache.c,0.003067,0.003067,0.003067,0.003067,0.003067,0.003067,0.000000,0.000000,0.000000,0.000000,0.000000,0.000000
3,117,modules/arch/win32/mod_win32.c,0.003067,0.003067,0.003067,0.003067,0.003067,0.003067,0.000000,0.000000,0.000000,0.000000,0.000000,0.000000
3,118,modules/arch/unix/mod_privileges.c,0.003067,0.003067,0.003067,0.003067,0.003067,0.003067,0.000000,0.000000,0.000000,0.000000,0.000000,0.000000
3,119,modules/arch/netware/mod_netware.c,0.003067,0.003067,0.003067,0.003067,0.003067,0.003067,0.000000,0.000000,0.000000,0.000000,0.000000,0.000000
3,120,modules/arch/netware/libprews.c,0.003067,0.003067,0.003067,0.003067,0.003067,0.003067,0.000000,0.000000,0.000000,0.000000,0.000000,0.000000
3,121,modules/aaa/mod_authz_user.c,0.003067,0.003067,0.003067,0.003067,0.003067,0.003067,0.000000,0.000000,0.000000,0.000000,0.000000,0.000000
3,122,modules/aaa/mod_authz_owner.c,0.003067,0.003067,0.003067,0.003067,0.003067,0.003067,0.000000,0.000000,0.000000,0.000000,0.000000,0.000000
3,123,modules/aaa/mod_authz_host.c,0.003067,0.003067,0.003067,0.003067,0.003067,0.003067,0.000000,0.000000,0.000000,0.000000,0.000000,0.000000
3,124,modules/aaa/mod_authz_groupfile.c,0.003067,0.003067,0.003067,0.003067,0.003067,0.003067,0.000000,0.000000,0.000000,0.000000,0.000000,0.000000
3,125,modules/aaa/mod_authz_dbm.c,0.003067,0.003067,0.003067,0.003067,0.003067,0.003067,0.000000,0.000000,0.000000,0.000000,0.000000,0.000000
3,126,modules/aaa/mod_authz_core.c,0.003067,0.003067,0.003067,0.003067,0.003067,0.003067,0.000000,0.000000,0.000000,0.000000,0.000000,0.000000
3,127,modules/aaa/mod_authnz_ldap.c,0.003067,0.003067,0.003067,0.003067,0.003067,0.003067,0.000000,0.000000,0.000000,0.000000,0.000000,0.000000
3,128,modules/aaa/mod_authn_socache.c,0.003067,0.003067,0.003067,0.003067,0.003067,0.003067,0.000000,0.000000,0.000000,0.000000,0.000000,0.000000
3,129,modules/aaa/mod_authn_file.c,0.003067,0.003067,0.003067,0.003067,0.003067,0.003067,0.000000,0.000000,0.000000,0.000000,0.000000,0.000000
3,130,modules/aaa/mod_authn_dbm.c,0.003067,0.003067,0.003067,0.003067,0.003067,0.003067,0.000000,0.000000,0.000000,0.000000,0.000000,0.000000
3,131,modules/aaa/mod_authn_dbd.c,0.003067,0.003067,0.003067,0.003067,0.003067,0.003067,0.000000,0.000000,0.000000,0.000000,0.000000,0.000000
3,132,modules/aaa/mod_authn_core.c,0.003067,0.003067,0.003067,0.003067,0.003067,0.003067,0.000000,0.000000,0.000000,0.000000,0.000000,0.000000
3,133,modules/aaa/mod_authn_anon.c,0.003067,0.003067,0.003067,0.003067,0.003067,0.003067,0.000000,0.000000,0.000000,0.000000,0.000000,0.000000
3,134,modules/aaa/mod_auth_form.c,0.003067,0.003067,0.003067,0.003067,0.003067,0.003067,0.000000,0.000000,0.000000,0.000000,0.000000,0.000000
3,135,modules/aaa/mod_auth_digest.c,0.003067,0.003067,0.003067,0.003067,0.003067,0.003067,0.000000,0.000000,0.000000,0.000000,0.000000,0.000000
3,136,modules/aaa/mod_auth_basic.c,0.003067,0.003067,0.003067,0.003067,0.003067,0.003067,0.000000,0.000000,0.000000,0.000000,0.000000,0.000000
3,137,modules/aaa/mod_access_compat.c,0.003067,0.003067,0.003067,0.003067,0.003067,0.003067,0.000000,0.000000,0.000000,0.000000,0.000000,0.000000
 , ,326.000000,0.998148,1.000000,0.923536,0.921683,0.998700,0.922236,0.861454,1.000000,0.867408,0.861454,0.995823,0.863231
