0,0,lang/java/trevni/core/src/test/java/org/apache/trevni/TestUtil.java,0.002106,0.002169,0.002169,0.002106,0.002155,0.002155,0.002137,0.002203,0.002203,0.002137,0.002188,0.002188
0,1,lang/java/trevni/core/src/main/java/org/apache/trevni/InputBytes.java,0.003752,0.004338,0.004338,0.003752,0.004221,0.004221,0.003800,0.004405,0.004405,0.003800,0.004284,0.004284
0,1,lang/java/trevni/core/src/main/java/org/apache/trevni/Input.java,0.003752,0.004338,0.004338,0.003752,0.004221,0.004221,0.003800,0.004405,0.004405,0.003800,0.004284,0.004284
0,2,lang/java/avro/src/main/java/org/apache/avro/AvroRuntimeException.java,0.000225,0.002169,0.002169,0.000225,0.001930,0.001930,0.000197,0.002203,0.002203,0.000197,0.001956,0.001956
0,3,lang/java/mapred/src/main/java/org/apache/avro/mapred/AvroWrapper.java,0.001627,0.002169,0.002169,0.001627,0.001944,0.001944,0.001643,0.002203,0.002203,0.001643,0.001971,0.001971
0,4,lang/java/avro/src/main/java/org/apache/avro/AvroRemoteException.java,0.001133,0.002169,0.002169,0.001133,0.002076,0.002076,0.001134,0.002203,0.002203,0.001134,0.002107,0.002107
0,5,lang/java/avro/src/test/java/org/apache/avro/AvroTestUtil.java,0.002106,0.002169,0.002169,0.002106,0.002130,0.002130,0.002137,0.002203,0.002203,0.002137,0.002162,0.002162
0,6,lang/java/tools/src/main/java/org/apache/avro/tool/Tool.java,0.002013,0.002169,0.002169,0.002013,0.002057,0.002057,0.002041,0.002203,0.002203,0.002041,0.002087,0.002087
0,7,lang/java/ipc/src/main/java/org/apache/avro/ipc/Server.java,0.001764,0.002169,0.002169,0.001764,0.002023,0.002023,0.001784,0.002203,0.002203,0.001784,0.002051,0.002051
0,8,lang/java/avro/src/main/java/org/apache/avro/util/ByteBufferOutputStream.java,0.001661,0.002169,0.002169,0.001661,0.002145,0.002145,0.001678,0.002203,0.002203,0.001678,0.002177,0.002177
0,9,lang/java/avro/src/main/java/org/apache/avro/specific/AvroGenerated.java,0.002150,0.002169,0.002169,0.002150,0.002150,0.002150,0.002182,0.002203,0.002203,0.002182,0.002182,0.002182
0,10,lang/java/mapred/src/main/java/org/apache/avro/hadoop/util/AvroCharSequenceComparator.java,0.002155,0.002169,0.002169,0.002155,0.002159,0.002159,0.002188,0.002203,0.002203,0.002188,0.002193,0.002193
0,11,lang/java/ipc/src/main/java/org/apache/avro/ipc/trace/StaticServlet.java,0.002101,0.002169,0.002169,0.002101,0.002159,0.002159,0.002132,0.002203,0.002203,0.002132,0.002193,0.002193
0,12,lang/java/ipc/src/main/java/org/apache/avro/ipc/stats/Stopwatch.java,0.002125,0.002169,0.002169,0.002125,0.002150,0.002150,0.002157,0.002203,0.002203,0.002157,0.002182,0.002182
0,13,lang/java/ipc/src/main/java/org/apache/avro/ipc/stats/Histogram.java,0.004260,0.004338,0.004338,0.004260,0.004290,0.004290,0.004325,0.004405,0.004405,0.004325,0.004355,0.004355
0,13,lang/java/ipc/src/main/java/org/apache/avro/ipc/stats/FloatHistogram.java,0.004260,0.004338,0.004338,0.004260,0.004290,0.004290,0.004325,0.004405,0.004405,0.004325,0.004355,0.004355
0,14,lang/java/avro/src/test/java/org/apache/avro/util/CaseFinder.java,0.002155,0.002169,0.002169,0.002155,0.002159,0.002159,0.002188,0.002203,0.002203,0.002188,0.002193,0.002193
1,0,lang/java/trevni/core/src/main/java/org/apache/trevni/ValueType.java,0.007574,0.008677,0.008677,0.007574,0.008289,0.008289,0.007672,0.008811,0.008811,0.007672,0.008410,0.008410
1,0,lang/java/trevni/core/src/main/java/org/apache/trevni/TrevniRuntimeException.java,0.007574,0.008677,0.008677,0.007574,0.008289,0.008289,0.007672,0.008811,0.008811,0.007672,0.008410,0.008410
1,0,lang/java/trevni/core/src/main/java/org/apache/trevni/OutputBuffer.java,0.007574,0.008677,0.008677,0.007574,0.008289,0.008289,0.007672,0.008811,0.008811,0.007672,0.008410,0.008410
1,0,lang/java/trevni/core/src/main/java/org/apache/trevni/InputBuffer.java,0.007574,0.008677,0.008677,0.007574,0.008289,0.008289,0.007672,0.008811,0.008811,0.007672,0.008410,0.008410
1,1,lang/java/avro/src/main/java/org/apache/avro/SchemaParseException.java,0.000919,0.008677,0.008677,0.000919,0.004430,0.004430,0.000801,0.008811,0.008811,0.000801,0.004426,0.004426
1,1,lang/java/avro/src/main/java/org/apache/avro/Schema.java,0.000919,0.008677,0.008677,0.000919,0.004430,0.004430,0.000801,0.008811,0.008811,0.000801,0.004426,0.004426
1,1,lang/java/avro/src/main/java/org/apache/avro/JsonProperties.java,0.000919,0.008677,0.008677,0.000919,0.004430,0.004430,0.000801,0.008811,0.008811,0.000801,0.004426,0.004426
1,1,lang/java/avro/src/main/java/org/apache/avro/AvroTypeException.java,0.000919,0.008677,0.008677,0.000919,0.004430,0.004430,0.000801,0.008811,0.008811,0.000801,0.004426,0.004426
1,2,lang/java/avro/src/main/java/org/apache/avro/file/BZip2Codec.java,0.009254,0.015184,0.012559,0.007653,0.014184,0.011731,0.009295,0.015419,0.012752,0.007688,0.014386,0.011898
1,2,lang/java/avro/src/main/java/org/apache/avro/file/SnappyCodec.java,0.009254,0.015184,0.012559,0.007653,0.014184,0.011731,0.009295,0.015419,0.012752,0.007688,0.014386,0.011898
1,2,lang/java/avro/src/main/java/org/apache/avro/file/NullCodec.java,0.009254,0.015184,0.012559,0.007653,0.014184,0.011731,0.009295,0.015419,0.012752,0.007688,0.014386,0.011898
1,2,lang/java/avro/src/main/java/org/apache/avro/file/DeflateCodec.java,0.009254,0.015184,0.012559,0.007653,0.014184,0.011731,0.009295,0.015419,0.012752,0.007688,0.014386,0.011898
1,2,lang/java/avro/src/main/java/org/apache/avro/file/DataFileConstants.java,0.009254,0.015184,0.012559,0.007653,0.014184,0.011731,0.009295,0.015419,0.012752,0.007688,0.014386,0.011898
1,2,lang/java/avro/src/main/java/org/apache/avro/file/CodecFactory.java,0.009254,0.015184,0.012559,0.007653,0.014184,0.011731,0.009295,0.015419,0.012752,0.007688,0.014386,0.011898
1,2,lang/java/avro/src/main/java/org/apache/avro/file/Codec.java,0.009254,0.015184,0.012559,0.007653,0.014184,0.011731,0.009295,0.015419,0.012752,0.007688,0.014386,0.011898
1,3,lang/java/trevni/avro/src/main/java/org/apache/trevni/avro/HadoopInput.java,0.002057,0.002169,0.002169,0.002057,0.002154,0.002154,0.002087,0.002203,0.002203,0.002087,0.002187,0.002187
1,4,lang/java/ipc/src/test/java/org/apache/avro/ipc/stats/FakeTicks.java,0.002144,0.002169,0.002169,0.002144,0.002159,0.002159,0.002176,0.002203,0.002203,0.002176,0.002192,0.002192
1,5,lang/java/mapred/src/main/java/org/apache/avro/mapred/AvroValue.java,0.003256,0.004338,0.004338,0.003256,0.003910,0.003910,0.003288,0.004405,0.004405,0.003288,0.003963,0.003963
1,5,lang/java/mapred/src/main/java/org/apache/avro/mapred/AvroKey.java,0.003256,0.004338,0.004338,0.003256,0.003910,0.003910,0.003288,0.004405,0.004405,0.003288,0.003963,0.003963
2,0,lang/java/trevni/core/src/main/java/org/apache/trevni/Codec.java,0.011405,0.013015,0.011691,0.010245,0.012501,0.011229,0.011551,0.013216,0.011871,0.010375,0.012684,0.011394
2,0,lang/java/trevni/core/src/main/java/org/apache/trevni/BZip2Codec.java,0.011405,0.013015,0.011691,0.010245,0.012501,0.011229,0.011551,0.013216,0.011871,0.010375,0.012684,0.011394
2,0,lang/java/trevni/core/src/main/java/org/apache/trevni/SnappyCodec.java,0.011405,0.013015,0.011691,0.010245,0.012501,0.011229,0.011551,0.013216,0.011871,0.010375,0.012684,0.011394
2,0,lang/java/trevni/core/src/main/java/org/apache/trevni/NullCodec.java,0.011405,0.013015,0.011691,0.010245,0.012501,0.011229,0.011551,0.013216,0.011871,0.010375,0.012684,0.011394
2,0,lang/java/trevni/core/src/main/java/org/apache/trevni/MetaData.java,0.011405,0.013015,0.011691,0.010245,0.012501,0.011229,0.011551,0.013216,0.011871,0.010375,0.012684,0.011394
2,0,lang/java/trevni/core/src/main/java/org/apache/trevni/DeflateCodec.java,0.011405,0.013015,0.011691,0.010245,0.012501,0.011229,0.011551,0.013216,0.011871,0.010375,0.012684,0.011394
2,1,lang/java/avro/src/main/java/org/apache/avro/util/WeakIdentityHashMap.java,0.009293,0.080260,0.035773,0.004142,0.046255,0.020617,0.008084,0.081498,0.036325,0.003603,0.046320,0.020646
2,1,lang/java/avro/src/main/java/org/apache/avro/util/Utf8.java,0.009293,0.080260,0.035773,0.004142,0.046255,0.020617,0.008084,0.081498,0.036325,0.003603,0.046320,0.020646
2,1,lang/java/avro/src/main/java/org/apache/avro/util/ByteBufferInputStream.java,0.009293,0.080260,0.035773,0.004142,0.046255,0.020617,0.008084,0.081498,0.036325,0.003603,0.046320,0.020646
2,1,lang/java/avro/src/main/java/org/apache/avro/io/parsing/ValidatingGrammarGenerator.java,0.009293,0.080260,0.035773,0.004142,0.046255,0.020617,0.008084,0.081498,0.036325,0.003603,0.046320,0.020646
2,1,lang/java/avro/src/main/java/org/apache/avro/io/parsing/Symbol.java,0.009293,0.080260,0.035773,0.004142,0.046255,0.020617,0.008084,0.081498,0.036325,0.003603,0.046320,0.020646
2,1,lang/java/avro/src/main/java/org/apache/avro/io/parsing/SkipParser.java,0.009293,0.080260,0.035773,0.004142,0.046255,0.020617,0.008084,0.081498,0.036325,0.003603,0.046320,0.020646
2,1,lang/java/avro/src/main/java/org/apache/avro/io/parsing/ResolvingGrammarGenerator.java,0.009293,0.080260,0.035773,0.004142,0.046255,0.020617,0.008084,0.081498,0.036325,0.003603,0.046320,0.020646
2,1,lang/java/avro/src/main/java/org/apache/avro/io/parsing/Parser.java,0.009293,0.080260,0.035773,0.004142,0.046255,0.020617,0.008084,0.081498,0.036325,0.003603,0.046320,0.020646
2,1,lang/java/avro/src/main/java/org/apache/avro/io/parsing/JsonGrammarGenerator.java,0.009293,0.080260,0.035773,0.004142,0.046255,0.020617,0.008084,0.081498,0.036325,0.003603,0.046320,0.020646
2,1,lang/java/avro/src/main/java/org/apache/avro/io/ValidatingEncoder.java,0.009293,0.080260,0.035773,0.004142,0.046255,0.020617,0.008084,0.081498,0.036325,0.003603,0.046320,0.020646
2,1,lang/java/avro/src/main/java/org/apache/avro/io/ValidatingDecoder.java,0.009293,0.080260,0.035773,0.004142,0.046255,0.020617,0.008084,0.081498,0.036325,0.003603,0.046320,0.020646
2,1,lang/java/avro/src/main/java/org/apache/avro/io/ResolvingDecoder.java,0.009293,0.080260,0.035773,0.004142,0.046255,0.020617,0.008084,0.081498,0.036325,0.003603,0.046320,0.020646
2,1,lang/java/avro/src/main/java/org/apache/avro/io/ParsingEncoder.java,0.009293,0.080260,0.035773,0.004142,0.046255,0.020617,0.008084,0.081498,0.036325,0.003603,0.046320,0.020646
2,1,lang/java/avro/src/main/java/org/apache/avro/io/ParsingDecoder.java,0.009293,0.080260,0.035773,0.004142,0.046255,0.020617,0.008084,0.081498,0.036325,0.003603,0.046320,0.020646
2,1,lang/java/avro/src/main/java/org/apache/avro/io/JsonEncoder.java,0.009293,0.080260,0.035773,0.004142,0.046255,0.020617,0.008084,0.081498,0.036325,0.003603,0.046320,0.020646
2,1,lang/java/avro/src/main/java/org/apache/avro/io/JsonDecoder.java,0.009293,0.080260,0.035773,0.004142,0.046255,0.020617,0.008084,0.081498,0.036325,0.003603,0.046320,0.020646
2,1,lang/java/avro/src/main/java/org/apache/avro/io/EncoderFactory.java,0.009293,0.080260,0.035773,0.004142,0.046255,0.020617,0.008084,0.081498,0.036325,0.003603,0.046320,0.020646
2,1,lang/java/avro/src/main/java/org/apache/avro/io/Encoder.java,0.009293,0.080260,0.035773,0.004142,0.046255,0.020617,0.008084,0.081498,0.036325,0.003603,0.046320,0.020646
2,1,lang/java/avro/src/main/java/org/apache/avro/io/DirectBinaryEncoder.java,0.009293,0.080260,0.035773,0.004142,0.046255,0.020617,0.008084,0.081498,0.036325,0.003603,0.046320,0.020646
2,1,lang/java/avro/src/main/java/org/apache/avro/io/DirectBinaryDecoder.java,0.009293,0.080260,0.035773,0.004142,0.046255,0.020617,0.008084,0.081498,0.036325,0.003603,0.046320,0.020646
2,1,lang/java/avro/src/main/java/org/apache/avro/io/DecoderFactory.java,0.009293,0.080260,0.035773,0.004142,0.046255,0.020617,0.008084,0.081498,0.036325,0.003603,0.046320,0.020646
2,1,lang/java/avro/src/main/java/org/apache/avro/io/Decoder.java,0.009293,0.080260,0.035773,0.004142,0.046255,0.020617,0.008084,0.081498,0.036325,0.003603,0.046320,0.020646
2,1,lang/java/avro/src/main/java/org/apache/avro/io/DatumReader.java,0.009293,0.080260,0.035773,0.004142,0.046255,0.020617,0.008084,0.081498,0.036325,0.003603,0.046320,0.020646
2,1,lang/java/avro/src/main/java/org/apache/avro/io/BufferedBinaryEncoder.java,0.009293,0.080260,0.035773,0.004142,0.046255,0.020617,0.008084,0.081498,0.036325,0.003603,0.046320,0.020646
2,1,lang/java/avro/src/main/java/org/apache/avro/io/BlockingBinaryEncoder.java,0.009293,0.080260,0.035773,0.004142,0.046255,0.020617,0.008084,0.081498,0.036325,0.003603,0.046320,0.020646
2,1,lang/java/avro/src/main/java/org/apache/avro/io/BinaryEncoder.java,0.009293,0.080260,0.035773,0.004142,0.046255,0.020617,0.008084,0.081498,0.036325,0.003603,0.046320,0.020646
2,1,lang/java/avro/src/main/java/org/apache/avro/io/BinaryDecoder.java,0.009293,0.080260,0.035773,0.004142,0.046255,0.020617,0.008084,0.081498,0.036325,0.003603,0.046320,0.020646
2,1,lang/java/avro/src/main/java/org/apache/avro/io/BinaryData.java,0.009293,0.080260,0.035773,0.004142,0.046255,0.020617,0.008084,0.081498,0.036325,0.003603,0.046320,0.020646
2,1,lang/java/avro/src/main/java/org/apache/avro/generic/IndexedRecord.java,0.009293,0.080260,0.035773,0.004142,0.046255,0.020617,0.008084,0.081498,0.036325,0.003603,0.046320,0.020646
2,1,lang/java/avro/src/main/java/org/apache/avro/generic/GenericRecord.java,0.009293,0.080260,0.035773,0.004142,0.046255,0.020617,0.008084,0.081498,0.036325,0.003603,0.046320,0.020646
2,1,lang/java/avro/src/main/java/org/apache/avro/generic/GenericFixed.java,0.009293,0.080260,0.035773,0.004142,0.046255,0.020617,0.008084,0.081498,0.036325,0.003603,0.046320,0.020646
2,1,lang/java/avro/src/main/java/org/apache/avro/generic/GenericEnumSymbol.java,0.009293,0.080260,0.035773,0.004142,0.046255,0.020617,0.008084,0.081498,0.036325,0.003603,0.046320,0.020646
2,1,lang/java/avro/src/main/java/org/apache/avro/generic/GenericDatumReader.java,0.009293,0.080260,0.035773,0.004142,0.046255,0.020617,0.008084,0.081498,0.036325,0.003603,0.046320,0.020646
2,1,lang/java/avro/src/main/java/org/apache/avro/generic/GenericData.java,0.009293,0.080260,0.035773,0.004142,0.046255,0.020617,0.008084,0.081498,0.036325,0.003603,0.046320,0.020646
2,1,lang/java/avro/src/main/java/org/apache/avro/generic/GenericContainer.java,0.009293,0.080260,0.035773,0.004142,0.046255,0.020617,0.008084,0.081498,0.036325,0.003603,0.046320,0.020646
2,1,lang/java/avro/src/main/java/org/apache/avro/generic/GenericArray.java,0.009293,0.080260,0.035773,0.004142,0.046255,0.020617,0.008084,0.081498,0.036325,0.003603,0.046320,0.020646
2,1,lang/java/avro/src/main/java/org/apache/avro/UnresolvedUnionException.java,0.009293,0.080260,0.035773,0.004142,0.046255,0.020617,0.008084,0.081498,0.036325,0.003603,0.046320,0.020646
2,2,lang/java/avro/src/main/java/org/apache/avro/Protocol.java,0.000668,0.002169,0.002169,0.000668,0.001918,0.001918,0.000650,0.002203,0.002203,0.000650,0.001943,0.001943
2,3,lang/java/mapred/src/main/java/org/apache/avro/hadoop/file/HadoopCodecFactory.java,0.001770,0.002169,0.002169,0.001770,0.002152,0.002152,0.001789,0.002203,0.002203,0.001789,0.002185,0.002185
3,0,lang/java/trevni/core/src/main/java/org/apache/trevni/NullChecksum.java,0.025548,0.028200,0.017694,0.016031,0.027075,0.016989,0.025887,0.028634,0.017967,0.016244,0.027469,0.017236
3,0,lang/java/trevni/core/src/main/java/org/apache/trevni/InputFile.java,0.025548,0.028200,0.017694,0.016031,0.027075,0.016989,0.025887,0.028634,0.017967,0.016244,0.027469,0.017236
3,0,lang/java/trevni/core/src/main/java/org/apache/trevni/Crc32Checksum.java,0.025548,0.028200,0.017694,0.016031,0.027075,0.016989,0.025887,0.028634,0.017967,0.016244,0.027469,0.017236
3,0,lang/java/trevni/core/src/main/java/org/apache/trevni/ColumnValues.java,0.025548,0.028200,0.017694,0.016031,0.027075,0.016989,0.025887,0.028634,0.017967,0.016244,0.027469,0.017236
3,0,lang/java/trevni/core/src/main/java/org/apache/trevni/ColumnOutputBuffer.java,0.025548,0.028200,0.017694,0.016031,0.027075,0.016989,0.025887,0.028634,0.017967,0.016244,0.027469,0.017236
3,0,lang/java/trevni/core/src/main/java/org/apache/trevni/ColumnMetaData.java,0.025548,0.028200,0.017694,0.016031,0.027075,0.016989,0.025887,0.028634,0.017967,0.016244,0.027469,0.017236
3,0,lang/java/trevni/core/src/main/java/org/apache/trevni/ColumnFileWriter.java,0.025548,0.028200,0.017694,0.016031,0.027075,0.016989,0.025887,0.028634,0.017967,0.016244,0.027469,0.017236
3,0,lang/java/trevni/core/src/main/java/org/apache/trevni/ColumnFileReader.java,0.025548,0.028200,0.017694,0.016031,0.027075,0.016989,0.025887,0.028634,0.017967,0.016244,0.027469,0.017236
3,0,lang/java/trevni/core/src/main/java/org/apache/trevni/ColumnFileMetaData.java,0.025548,0.028200,0.017694,0.016031,0.027075,0.016989,0.025887,0.028634,0.017967,0.016244,0.027469,0.017236
3,0,lang/java/trevni/core/src/main/java/org/apache/trevni/ColumnDescriptor.java,0.025548,0.028200,0.017694,0.016031,0.027075,0.016989,0.025887,0.028634,0.017967,0.016244,0.027469,0.017236
3,0,lang/java/trevni/core/src/main/java/org/apache/trevni/Checksum.java,0.025548,0.028200,0.017694,0.016031,0.027075,0.016989,0.025887,0.028634,0.017967,0.016244,0.027469,0.017236
3,0,lang/java/trevni/core/src/main/java/org/apache/trevni/BlockDescriptor.java,0.025548,0.028200,0.017694,0.016031,0.027075,0.016989,0.025887,0.028634,0.017967,0.016244,0.027469,0.017236
3,0,lang/java/trevni/core/src/main/java/org/apache/trevni/ArrayColumnOutputBuffer.java,0.025548,0.028200,0.017694,0.016031,0.027075,0.016989,0.025887,0.028634,0.017967,0.016244,0.027469,0.017236
3,1,lang/java/avro/src/main/java/org/apache/avro/specific/SpecificRecord.java,0.001965,0.006508,0.006508,0.001965,0.005618,0.005618,0.001902,0.006608,0.006608,0.001902,0.005686,0.005686
3,1,lang/java/avro/src/main/java/org/apache/avro/specific/SpecificDatumReader.java,0.001965,0.006508,0.006508,0.001965,0.005618,0.005618,0.001902,0.006608,0.006608,0.001902,0.005686,0.005686
3,1,lang/java/avro/src/main/java/org/apache/avro/specific/SpecificData.java,0.001965,0.006508,0.006508,0.001965,0.005618,0.005618,0.001902,0.006608,0.006608,0.001902,0.005686,0.005686
3,2,lang/java/avro/src/main/java/org/apache/avro/generic/GenericDatumWriter.java,0.001162,0.004338,0.004338,0.001162,0.003547,0.003547,0.001114,0.004405,0.004405,0.001114,0.003586,0.003586
3,2,lang/java/avro/src/main/java/org/apache/avro/io/DatumWriter.java,0.001162,0.004338,0.004338,0.001162,0.003547,0.003547,0.001114,0.004405,0.004405,0.001114,0.003586,0.003586
3,3,lang/java/avro/src/main/java/org/apache/avro/file/SeekableInput.java,0.007305,0.013015,0.011691,0.006562,0.011198,0.010059,0.007299,0.013216,0.011871,0.006557,0.011333,0.010180
3,3,lang/java/avro/src/main/java/org/apache/avro/file/SeekableFileInput.java,0.007305,0.013015,0.011691,0.006562,0.011198,0.010059,0.007299,0.013216,0.011871,0.006557,0.011333,0.010180
3,3,lang/java/avro/src/main/java/org/apache/avro/file/FileReader.java,0.007305,0.013015,0.011691,0.006562,0.011198,0.010059,0.007299,0.013216,0.011871,0.006557,0.011333,0.010180
3,3,lang/java/avro/src/main/java/org/apache/avro/file/DataFileStream.java,0.007305,0.013015,0.011691,0.006562,0.011198,0.010059,0.007299,0.013216,0.011871,0.006557,0.011333,0.010180
3,3,lang/java/avro/src/main/java/org/apache/avro/file/DataFileReader12.java,0.007305,0.013015,0.011691,0.006562,0.011198,0.010059,0.007299,0.013216,0.011871,0.006557,0.011333,0.010180
3,3,lang/java/avro/src/main/java/org/apache/avro/file/DataFileReader.java,0.007305,0.013015,0.011691,0.006562,0.011198,0.010059,0.007299,0.013216,0.011871,0.006557,0.011333,0.010180
3,4,lang/java/avro/src/main/java/org/apache/avro/data/RecordBuilderBase.java,0.004165,0.004338,0.004338,0.004165,0.004240,0.004240,0.004226,0.004405,0.004405,0.004226,0.004303,0.004303
3,4,lang/java/avro/src/main/java/org/apache/avro/data/RecordBuilder.java,0.004165,0.004338,0.004338,0.004165,0.004240,0.004240,0.004226,0.004405,0.004405,0.004226,0.004303,0.004303
3,5,lang/java/compiler/src/main/java/org/apache/avro/compiler/specific/SpecificCompiler.java,0.002002,0.002169,0.002169,0.002002,0.002114,0.002114,0.002030,0.002203,0.002203,0.002030,0.002145,0.002145
3,6,lang/java/ipc/src/main/java/org/apache/avro/ipc/trace/Util.java,0.002046,0.002169,0.002169,0.002046,0.002095,0.002095,0.002075,0.002203,0.002203,0.002075,0.002126,0.002126
3,7,lang/java/mapred/src/main/java/org/apache/avro/hadoop/io/AvroKeyValue.java,0.002027,0.002169,0.002169,0.002027,0.002101,0.002101,0.002055,0.002203,0.002203,0.002055,0.002132,0.002132
4,0,lang/java/avro/src/main/java/org/apache/avro/specific/FixedSize.java,0.007381,0.013015,0.011691,0.006630,0.011944,0.010728,0.007370,0.013216,0.011871,0.006620,0.012104,0.010873
4,0,lang/java/avro/src/main/java/org/apache/avro/reflect/Union.java,0.007381,0.013015,0.011691,0.006630,0.011944,0.010728,0.007370,0.013216,0.011871,0.006620,0.012104,0.010873
4,0,lang/java/avro/src/main/java/org/apache/avro/reflect/Stringable.java,0.007381,0.013015,0.011691,0.006630,0.011944,0.010728,0.007370,0.013216,0.011871,0.006620,0.012104,0.010873
4,0,lang/java/avro/src/main/java/org/apache/avro/reflect/ReflectDatumReader.java,0.007381,0.013015,0.011691,0.006630,0.011944,0.010728,0.007370,0.013216,0.011871,0.006620,0.012104,0.010873
4,0,lang/java/avro/src/main/java/org/apache/avro/reflect/ReflectData.java,0.007381,0.013015,0.011691,0.006630,0.011944,0.010728,0.007370,0.013216,0.011871,0.006620,0.012104,0.010873
4,0,lang/java/avro/src/main/java/org/apache/avro/reflect/Nullable.java,0.007381,0.013015,0.011691,0.006630,0.011944,0.010728,0.007370,0.013216,0.011871,0.006620,0.012104,0.010873
4,1,lang/java/trevni/avro/src/main/java/org/apache/trevni/avro/AvroColumnator.java,0.003942,0.004338,0.004338,0.003942,0.004219,0.004219,0.003994,0.004405,0.004405,0.003994,0.004282,0.004282
4,1,lang/java/trevni/avro/src/main/java/org/apache/trevni/avro/AvroColumnWriter.java,0.003942,0.004338,0.004338,0.003942,0.004219,0.004219,0.003994,0.004405,0.004405,0.003994,0.004282,0.004282
4,2,lang/java/tools/src/main/java/org/apache/avro/tool/JsonToBinaryFragmentTool.java,0.002103,0.002169,0.002169,0.002103,0.002156,0.002156,0.002134,0.002203,0.002203,0.002134,0.002189,0.002189
4,3,lang/java/tools/src/main/java/org/apache/avro/tool/BinaryFragmentToJsonTool.java,0.002103,0.002169,0.002169,0.002103,0.002156,0.002156,0.002134,0.002203,0.002203,0.002134,0.002189,0.002189
4,4,lang/java/avro/src/main/java/org/apache/avro/specific/SpecificRecordBuilderBase.java,0.002123,0.002169,0.002169,0.002123,0.002149,0.002149,0.002155,0.002203,0.002203,0.002155,0.002182,0.002182
4,5,lang/java/avro/src/main/java/org/apache/avro/specific/SpecificRecordBase.java,0.002123,0.002169,0.002169,0.002123,0.002143,0.002143,0.002155,0.002203,0.002203,0.002155,0.002175,0.002175
4,6,lang/java/maven-plugin/src/test/java/org/apache/avro/mojo/AbstractAvroMojoTest.java,0.002130,0.002169,0.002169,0.002130,0.002149,0.002149,0.002161,0.002203,0.002203,0.002161,0.002182,0.002182
4,7,lang/java/maven-plugin/src/main/java/org/apache/avro/mojo/AbstractAvroMojo.java,0.002130,0.002169,0.002169,0.002130,0.002130,0.002130,0.002161,0.002203,0.002203,0.002161,0.002161,0.002161
4,8,lang/java/ipc/src/main/java/org/apache/avro/ipc/trace/TraceNode.java,0.004114,0.004338,0.004338,0.004114,0.004259,0.004259,0.004172,0.004405,0.004405,0.004172,0.004323,0.004323
4,8,lang/java/ipc/src/main/java/org/apache/avro/ipc/trace/Trace.java,0.004114,0.004338,0.004338,0.004114,0.004259,0.004259,0.004172,0.004405,0.004405,0.004172,0.004323,0.004323
4,9,lang/java/tools/src/main/java/org/apache/avro/tool/Util.java,0.002024,0.002169,0.002169,0.002024,0.002130,0.002130,0.002052,0.002203,0.002203,0.002052,0.002161,0.002161
4,10,lang/java/tools/src/main/java/org/apache/avro/tool/SpecificCompilerTool.java,0.002103,0.002169,0.002169,0.002103,0.002156,0.002156,0.002134,0.002203,0.002203,0.002134,0.002189,0.002189
4,11,lang/java/avro/src/test/java/org/apache/avro/io/Perf.java,0.002103,0.002169,0.002169,0.002103,0.002110,0.002110,0.002134,0.002203,0.002203,0.002134,0.002141,0.002141
4,12,lang/java/avro/src/main/java/org/apache/avro/specific/SpecificDatumWriter.java,0.000860,0.002169,0.002169,0.000860,0.002070,0.002070,0.000844,0.002203,0.002203,0.000844,0.002100,0.002100
4,13,lang/java/avro/src/main/java/org/apache/avro/file/SeekableByteArrayInput.java,0.003201,0.004338,0.004338,0.003201,0.004219,0.004219,0.003225,0.004405,0.004405,0.003225,0.004282,0.004282
4,13,lang/java/mapred/src/main/java/org/apache/avro/mapred/FsInput.java,0.003201,0.004338,0.004338,0.003201,0.004219,0.004219,0.003225,0.004405,0.004405,0.003225,0.004282,0.004282
4,14,lang/java/avro/src/main/java/org/apache/avro/file/DataFileWriter.java,0.001283,0.002169,0.002169,0.001283,0.001938,0.001938,0.001283,0.002203,0.002203,0.001283,0.001962,0.001962
5,0,lang/java/tools/src/main/java/org/apache/avro/tool/ToTextTool.java,0.002097,0.002169,0.002169,0.002097,0.002155,0.002155,0.002128,0.002203,0.002203,0.002128,0.002188,0.002188
5,1,lang/java/tools/src/main/java/org/apache/avro/tool/FromTextTool.java,0.002097,0.002169,0.002169,0.002097,0.002155,0.002155,0.002128,0.002203,0.002203,0.002128,0.002188,0.002188
5,2,lang/java/ipc/src/main/java/org/apache/avro/ipc/Responder.java,0.008821,0.013015,0.011691,0.007923,0.010723,0.009632,0.008856,0.013216,0.011871,0.007954,0.010833,0.009731
5,2,lang/java/ipc/src/main/java/org/apache/avro/ipc/RPCPlugin.java,0.008821,0.013015,0.011691,0.007923,0.010723,0.009632,0.008856,0.013216,0.011871,0.007954,0.010833,0.009731
5,2,lang/java/ipc/src/main/java/org/apache/avro/ipc/RPCContext.java,0.008821,0.013015,0.011691,0.007923,0.010723,0.009632,0.008856,0.013216,0.011871,0.007954,0.010833,0.009731
5,2,lang/java/ipc/src/main/java/org/apache/avro/ipc/Callback.java,0.008821,0.013015,0.011691,0.007923,0.010723,0.009632,0.008856,0.013216,0.011871,0.007954,0.010833,0.009731
5,2,lang/java/ipc/src/main/java/org/apache/avro/ipc/generic/GenericResponder.java,0.008821,0.013015,0.011691,0.007923,0.010723,0.009632,0.008856,0.013216,0.011871,0.007954,0.010833,0.009731
5,2,lang/java/ipc/src/main/java/org/apache/avro/ipc/Transceiver.java,0.008821,0.013015,0.011691,0.007923,0.010723,0.009632,0.008856,0.013216,0.011871,0.007954,0.010833,0.009731
5,3,lang/java/tools/src/main/java/org/apache/avro/tool/DataFileWriteTool.java,0.002097,0.002169,0.002169,0.002097,0.002155,0.002155,0.002128,0.002203,0.002203,0.002128,0.002188,0.002188
5,4,lang/java/tools/src/main/java/org/apache/avro/tool/DataFileReadTool.java,0.002097,0.002169,0.002169,0.002097,0.002155,0.002155,0.002128,0.002203,0.002203,0.002128,0.002188,0.002188
5,5,lang/java/tools/src/main/java/org/apache/avro/tool/DataFileGetSchemaTool.java,0.002097,0.002169,0.002169,0.002097,0.002155,0.002155,0.002128,0.002203,0.002203,0.002128,0.002188,0.002188
5,6,lang/java/tools/src/main/java/org/apache/avro/tool/DataFileGetMetaTool.java,0.002097,0.002169,0.002169,0.002097,0.002155,0.002155,0.002128,0.002203,0.002203,0.002128,0.002188,0.002188
5,7,lang/java/ipc/src/main/java/org/apache/avro/ipc/trace/SpanAggregator.java,0.004137,0.004338,0.004338,0.004137,0.004281,0.004281,0.004196,0.004405,0.004405,0.004196,0.004345,0.004345
5,7,lang/java/ipc/src/main/java/org/apache/avro/ipc/trace/TraceCollection.java,0.004137,0.004338,0.004338,0.004137,0.004281,0.004281,0.004196,0.004405,0.004405,0.004196,0.004345,0.004345
5,8,lang/java/avro/src/test/java/org/apache/avro/TypeEnum.java,0.004295,0.004338,0.004338,0.004295,0.004295,0.004295,0.004360,0.004405,0.004405,0.004360,0.004360,0.004360
5,8,lang/java/avro/src/test/java/org/apache/avro/FooBarSpecificRecord.java,0.004295,0.004338,0.004338,0.004295,0.004295,0.004295,0.004360,0.004405,0.004405,0.004360,0.004360,0.004360
5,9,lang/java/avro/src/main/java/org/apache/avro/reflect/ReflectDatumWriter.java,0.001283,0.002169,0.002169,0.001283,0.002076,0.002076,0.001281,0.002203,0.002203,0.001281,0.002105,0.002105
5,10,lang/java/mapred/src/main/java/org/apache/avro/hadoop/io/AvroDeserializer.java,0.001881,0.002169,0.002169,0.001881,0.002133,0.002133,0.001903,0.002203,0.002203,0.001903,0.002165,0.002165
5,11,lang/java/trevni/avro/src/test/java/org/apache/trevni/avro/RandomData.java,0.002097,0.002169,0.002169,0.002097,0.002155,0.002155,0.002128,0.002203,0.002203,0.002128,0.002188,0.002188
5,12,lang/java/avro/src/test/java/org/apache/avro/RandomData.java,0.002104,0.002169,0.002169,0.002104,0.002140,0.002140,0.002135,0.002203,0.002203,0.002135,0.002173,0.002173
5,13,lang/java/mapred/src/main/java/org/apache/avro/mapreduce/AvroRecordReaderBase.java,0.002018,0.002169,0.002169,0.002018,0.002155,0.002155,0.002045,0.002203,0.002203,0.002045,0.002188,0.002188
5,14,lang/java/tools/src/main/java/org/apache/avro/tool/RecodecTool.java,0.002097,0.002169,0.002169,0.002097,0.002155,0.002155,0.002128,0.002203,0.002203,0.002128,0.002188,0.002188
5,15,lang/java/trevni/avro/src/main/java/org/apache/trevni/avro/AvroColumnReader.java,0.002047,0.002169,0.002169,0.002047,0.002126,0.002126,0.002075,0.002203,0.002203,0.002075,0.002158,0.002158
5,16,lang/java/mapred/src/test/java/org/apache/avro/mapreduce/AvroFiles.java,0.002140,0.002169,0.002169,0.002140,0.002148,0.002148,0.002173,0.002203,0.002203,0.002173,0.002180,0.002180
5,17,lang/java/avro/src/test/java/org/apache/avro/io/TestValidatingIO.java,0.002148,0.002169,0.002169,0.002148,0.002148,0.002148,0.002180,0.002203,0.002203,0.002180,0.002180,0.002180
5,18,lang/java/tools/src/main/java/org/apache/avro/tool/ConcatTool.java,0.002097,0.002169,0.002169,0.002097,0.002155,0.002155,0.002128,0.002203,0.002203,0.002128,0.002188,0.002188
5,19,lang/java/mapred/src/main/java/org/apache/avro/mapred/Pair.java,0.001614,0.002169,0.002169,0.001614,0.002011,0.002011,0.001626,0.002203,0.002203,0.001626,0.002038,0.002038
6,0,lang/java/trevni/avro/src/test/java/org/apache/trevni/avro/WordCountUtil.java,0.002072,0.002169,0.002169,0.002072,0.002145,0.002145,0.002101,0.002203,0.002203,0.002101,0.002177,0.002177
6,1,lang/java/mapred/src/main/java/org/apache/avro/mapreduce/AvroKeyValueRecordReader.java,0.002145,0.002169,0.002169,0.002145,0.002153,0.002153,0.002177,0.002203,0.002203,0.002177,0.002186,0.002186
6,2,lang/java/mapred/src/test/java/org/apache/avro/mapred/TestReflectJob.java,0.032904,0.039046,0.021742,0.018322,0.034805,0.019380,0.033243,0.039648,0.022077,0.018511,0.035225,0.019614
6,2,lang/java/mapred/src/main/java/org/apache/avro/mapred/HadoopReducer.java,0.032904,0.039046,0.021742,0.018322,0.034805,0.019380,0.033243,0.039648,0.022077,0.018511,0.035225,0.019614
6,2,lang/java/mapred/src/main/java/org/apache/avro/mapred/HadoopMapper.java,0.032904,0.039046,0.021742,0.018322,0.034805,0.019380,0.033243,0.039648,0.022077,0.018511,0.035225,0.019614
6,2,lang/java/mapred/src/main/java/org/apache/avro/mapred/HadoopCombiner.java,0.032904,0.039046,0.021742,0.018322,0.034805,0.019380,0.033243,0.039648,0.022077,0.018511,0.035225,0.019614
6,2,lang/java/mapred/src/main/java/org/apache/avro/mapred/AvroSerialization.java,0.032904,0.039046,0.021742,0.018322,0.034805,0.019380,0.033243,0.039648,0.022077,0.018511,0.035225,0.019614
6,2,lang/java/mapred/src/main/java/org/apache/avro/mapred/AvroReducer.java,0.032904,0.039046,0.021742,0.018322,0.034805,0.019380,0.033243,0.039648,0.022077,0.018511,0.035225,0.019614
6,2,lang/java/mapred/src/main/java/org/apache/avro/mapred/AvroRecordReader.java,0.032904,0.039046,0.021742,0.018322,0.034805,0.019380,0.033243,0.039648,0.022077,0.018511,0.035225,0.019614
6,2,lang/java/mapred/src/main/java/org/apache/avro/mapred/AvroOutputFormat.java,0.032904,0.039046,0.021742,0.018322,0.034805,0.019380,0.033243,0.039648,0.022077,0.018511,0.035225,0.019614
6,2,lang/java/mapred/src/test/java/org/apache/avro/mapred/WordCountUtil.java,0.032904,0.039046,0.021742,0.018322,0.034805,0.019380,0.033243,0.039648,0.022077,0.018511,0.035225,0.019614
6,2,lang/java/mapred/src/main/java/org/apache/avro/mapred/AvroMapper.java,0.032904,0.039046,0.021742,0.018322,0.034805,0.019380,0.033243,0.039648,0.022077,0.018511,0.035225,0.019614
6,2,lang/java/mapred/src/main/java/org/apache/avro/mapred/AvroKeyComparator.java,0.032904,0.039046,0.021742,0.018322,0.034805,0.019380,0.033243,0.039648,0.022077,0.018511,0.035225,0.019614
6,2,lang/java/mapred/src/main/java/org/apache/avro/mapred/AvroJob.java,0.032904,0.039046,0.021742,0.018322,0.034805,0.019380,0.033243,0.039648,0.022077,0.018511,0.035225,0.019614
6,2,lang/java/mapred/src/main/java/org/apache/avro/mapred/AvroInputFormat.java,0.032904,0.039046,0.021742,0.018322,0.034805,0.019380,0.033243,0.039648,0.022077,0.018511,0.035225,0.019614
6,2,lang/java/mapred/src/main/java/org/apache/avro/mapred/AvroCollector.java,0.032904,0.039046,0.021742,0.018322,0.034805,0.019380,0.033243,0.039648,0.022077,0.018511,0.035225,0.019614
6,2,lang/java/mapred/src/main/java/org/apache/avro/mapred/HadoopReducerBase.java,0.032904,0.039046,0.021742,0.018322,0.034805,0.019380,0.033243,0.039648,0.022077,0.018511,0.035225,0.019614
6,2,lang/java/mapred/src/main/java/org/apache/avro/mapred/SequenceFileRecordReader.java,0.032904,0.039046,0.021742,0.018322,0.034805,0.019380,0.033243,0.039648,0.022077,0.018511,0.035225,0.019614
6,2,lang/java/mapred/src/main/java/org/apache/avro/mapred/SequenceFileReader.java,0.032904,0.039046,0.021742,0.018322,0.034805,0.019380,0.033243,0.039648,0.022077,0.018511,0.035225,0.019614
6,2,lang/java/mapred/src/main/java/org/apache/avro/mapred/SequenceFileInputFormat.java,0.032904,0.039046,0.021742,0.018322,0.034805,0.019380,0.033243,0.039648,0.022077,0.018511,0.035225,0.019614
6,3,lang/java/ipc/src/main/java/org/apache/avro/ipc/SocketTransceiver.java,0.003510,0.004338,0.004338,0.003510,0.004143,0.004143,0.003541,0.004405,0.004405,0.003541,0.004202,0.004202
6,3,lang/java/ipc/src/main/java/org/apache/avro/ipc/SocketServer.java,0.003510,0.004338,0.004338,0.003510,0.004143,0.004143,0.003541,0.004405,0.004405,0.003541,0.004202,0.004202
6,4,lang/java/ipc/src/main/java/org/apache/avro/ipc/Requestor.java,0.003071,0.004338,0.004338,0.003071,0.004143,0.004143,0.003084,0.004405,0.004405,0.003084,0.004202,0.004202
6,4,lang/java/ipc/src/main/java/org/apache/avro/ipc/CallFuture.java,0.003071,0.004338,0.004338,0.003071,0.004143,0.004143,0.003084,0.004405,0.004405,0.003084,0.004202,0.004202
6,5,lang/java/ipc/src/main/java/org/apache/avro/ipc/stats/StatsPlugin.java,0.004257,0.004338,0.004338,0.004257,0.004273,0.004273,0.004321,0.004405,0.004405,0.004321,0.004338,0.004338
6,5,lang/java/ipc/src/main/java/org/apache/avro/ipc/stats/IntegerHistogram.java,0.004257,0.004338,0.004338,0.004257,0.004273,0.004273,0.004321,0.004405,0.004405,0.004321,0.004338,0.004338
6,6,lang/java/ipc/src/main/java/org/apache/avro/ipc/LocalTransceiver.java,0.002120,0.002169,0.002169,0.002120,0.002145,0.002145,0.002152,0.002203,0.002203,0.002152,0.002177,0.002177
6,7,lang/java/ipc/src/main/java/org/apache/avro/ipc/HttpTransceiver.java,0.001812,0.002169,0.002169,0.001812,0.002072,0.002072,0.001830,0.002203,0.002203,0.001830,0.002101,0.002101
6,8,lang/java/ipc/src/test/java/org/apache/avro/RPCMetaTestPlugin.java,0.002145,0.002169,0.002169,0.002145,0.002145,0.002145,0.002177,0.002203,0.002203,0.002177,0.002177,0.002177
6,9,lang/java/mapred/src/main/java/org/apache/avro/hadoop/io/AvroValueDeserializer.java,0.001869,0.002169,0.002169,0.001869,0.002145,0.002145,0.001889,0.002203,0.002203,0.001889,0.002177,0.002177
6,10,lang/java/mapred/src/main/java/org/apache/avro/mapreduce/AvroKeyRecordReader.java,0.002039,0.002169,0.002169,0.002039,0.002153,0.002153,0.002067,0.002203,0.002203,0.002067,0.002186,0.002186
6,11,lang/java/mapred/src/main/java/org/apache/avro/hadoop/io/AvroKeyDeserializer.java,0.001869,0.002169,0.002169,0.001869,0.002145,0.002145,0.001889,0.002203,0.002203,0.001889,0.002177,0.002177
6,12,lang/java/mapred/src/main/java/org/apache/avro/hadoop/io/AvroSerializer.java,0.001869,0.002169,0.002169,0.001869,0.002145,0.002145,0.001889,0.002203,0.002203,0.001889,0.002177,0.002177
6,13,lang/java/mapred/src/main/java/org/apache/avro/mapreduce/AvroKeyRecordWriter.java,0.002120,0.002169,0.002169,0.002120,0.002153,0.002153,0.002152,0.002203,0.002203,0.002152,0.002186,0.002186
7,0,lang/java/ipc/src/main/java/org/apache/avro/ipc/ResponderServlet.java,0.003724,0.004338,0.004338,0.003724,0.004168,0.004168,0.003763,0.004405,0.004405,0.003763,0.004227,0.004227
7,0,lang/java/ipc/src/main/java/org/apache/avro/ipc/HttpServer.java,0.003724,0.004338,0.004338,0.003724,0.004168,0.004168,0.003763,0.004405,0.004405,0.003763,0.004227,0.004227
7,1,lang/java/ipc/src/main/java/org/apache/avro/ipc/SaslSocketServer.java,0.003775,0.004338,0.004338,0.003775,0.004236,0.004236,0.003817,0.004405,0.004405,0.003817,0.004298,0.004298
7,1,lang/java/ipc/src/main/java/org/apache/avro/ipc/SaslSocketTransceiver.java,0.003775,0.004338,0.004338,0.003775,0.004236,0.004236,0.003817,0.004405,0.004405,0.003817,0.004298,0.004298
7,2,lang/java/ipc/src/main/java/org/apache/avro/ipc/specific/SpecificResponder.java,0.001640,0.002169,0.002169,0.001640,0.002050,0.002050,0.001650,0.002203,0.002203,0.001650,0.002078,0.002078
7,3,lang/java/ipc/src/main/java/org/apache/avro/ipc/specific/SpecificRequestor.java,0.001640,0.002169,0.002169,0.001640,0.002041,0.002041,0.001650,0.002203,0.002203,0.001650,0.002069,0.002069
7,4,lang/java/ipc/src/main/java/org/apache/avro/ipc/NettyTransportCodec.java,0.006328,0.006508,0.006508,0.006328,0.006328,0.006328,0.006421,0.006608,0.006608,0.006421,0.006421,0.006421
7,4,lang/java/ipc/src/main/java/org/apache/avro/ipc/NettyTransceiver.java,0.006328,0.006508,0.006508,0.006328,0.006328,0.006328,0.006421,0.006608,0.006608,0.006421,0.006421,0.006421
7,4,lang/java/ipc/src/main/java/org/apache/avro/ipc/NettyServer.java,0.006328,0.006508,0.006508,0.006328,0.006328,0.006328,0.006421,0.006608,0.006608,0.006421,0.006421,0.006421
7,5,lang/java/trevni/avro/src/main/java/org/apache/trevni/avro/AvroTrevniOutputFormat.java,0.002144,0.002169,0.002169,0.002144,0.002144,0.002144,0.002176,0.002203,0.002203,0.002176,0.002176,0.002176
7,6,lang/java/mapred/src/main/java/org/apache/avro/hadoop/io/AvroSerialization.java,0.001870,0.002169,0.002169,0.001870,0.002144,0.002144,0.001891,0.002203,0.002203,0.001891,0.002176,0.002176
7,7,lang/java/mapred/src/main/java/org/apache/avro/mapred/AvroTextOutputFormat.java,0.002135,0.002169,0.002169,0.002135,0.002152,0.002152,0.002167,0.002203,0.002203,0.002167,0.002185,0.002185
7,8,lang/java/ipc/src/main/java/org/apache/avro/ipc/generic/GenericRequestor.java,0.001896,0.002169,0.002169,0.001896,0.002050,0.002050,0.001917,0.002203,0.002203,0.001917,0.002078,0.002078
8,0,lang/java/mapred/src/main/java/org/apache/avro/hadoop/io/AvroKeyComparator.java,0.003746,0.004338,0.004338,0.003746,0.003956,0.003956,0.003785,0.004405,0.004405,0.003785,0.004005,0.004005
8,0,lang/java/mapred/src/main/java/org/apache/avro/mapreduce/AvroJob.java,0.003746,0.004338,0.004338,0.003746,0.003956,0.003956,0.003785,0.004405,0.004405,0.003785,0.004005,0.004005
8,1,lang/java/tools/src/main/java/org/apache/avro/tool/RpcReceiveTool.java,0.004090,0.004338,0.004338,0.004090,0.004243,0.004243,0.004145,0.004405,0.004405,0.004145,0.004305,0.004305
8,1,lang/java/ipc/src/main/java/org/apache/avro/ipc/Ipc.java,0.004090,0.004338,0.004338,0.004090,0.004243,0.004243,0.004145,0.004405,0.004405,0.004145,0.004305,0.004305
8,2,lang/java/mapred/src/main/java/org/apache/avro/mapred/tether/TetheredProcess.java,0.024884,0.026030,0.016859,0.016117,0.025801,0.016711,0.025230,0.026432,0.017119,0.016341,0.026191,0.016964
8,2,lang/java/mapred/src/main/java/org/apache/avro/mapred/tether/TetherReducer.java,0.024884,0.026030,0.016859,0.016117,0.025801,0.016711,0.025230,0.026432,0.017119,0.016341,0.026191,0.016964
8,2,lang/java/mapred/src/main/java/org/apache/avro/mapred/tether/TetherRecordReader.java,0.024884,0.026030,0.016859,0.016117,0.025801,0.016711,0.025230,0.026432,0.017119,0.016341,0.026191,0.016964
8,2,lang/java/mapred/src/main/java/org/apache/avro/mapred/tether/TetherPartitioner.java,0.024884,0.026030,0.016859,0.016117,0.025801,0.016711,0.025230,0.026432,0.017119,0.016341,0.026191,0.016964
8,2,lang/java/mapred/src/main/java/org/apache/avro/mapred/tether/TetherOutputService.java,0.024884,0.026030,0.016859,0.016117,0.025801,0.016711,0.025230,0.026432,0.017119,0.016341,0.026191,0.016964
8,2,lang/java/mapred/src/main/java/org/apache/avro/mapred/tether/TetherOutputFormat.java,0.024884,0.026030,0.016859,0.016117,0.025801,0.016711,0.025230,0.026432,0.017119,0.016341,0.026191,0.016964
8,2,lang/java/mapred/src/main/java/org/apache/avro/mapred/tether/TetherMapRunner.java,0.024884,0.026030,0.016859,0.016117,0.025801,0.016711,0.025230,0.026432,0.017119,0.016341,0.026191,0.016964
8,2,lang/java/mapred/src/main/java/org/apache/avro/mapred/tether/TetherKeySerialization.java,0.024884,0.026030,0.016859,0.016117,0.025801,0.016711,0.025230,0.026432,0.017119,0.016341,0.026191,0.016964
8,2,lang/java/mapred/src/main/java/org/apache/avro/mapred/tether/TetherKeyComparator.java,0.024884,0.026030,0.016859,0.016117,0.025801,0.016711,0.025230,0.026432,0.017119,0.016341,0.026191,0.016964
8,2,lang/java/mapred/src/main/java/org/apache/avro/mapred/tether/TetherJob.java,0.024884,0.026030,0.016859,0.016117,0.025801,0.016711,0.025230,0.026432,0.017119,0.016341,0.026191,0.016964
8,2,lang/java/mapred/src/main/java/org/apache/avro/mapred/tether/TetherInputFormat.java,0.024884,0.026030,0.016859,0.016117,0.025801,0.016711,0.025230,0.026432,0.017119,0.016341,0.026191,0.016964
8,2,lang/java/mapred/src/main/java/org/apache/avro/mapred/tether/TetherData.java,0.024884,0.026030,0.016859,0.016117,0.025801,0.016711,0.025230,0.026432,0.017119,0.016341,0.026191,0.016964
8,3,lang/java/ipc/src/main/java/org/apache/avro/ipc/trace/SpanStorage.java,0.012614,0.013015,0.011691,0.011330,0.012614,0.011330,0.012795,0.013216,0.011871,0.011493,0.012795,0.011493
8,3,lang/java/ipc/src/main/java/org/apache/avro/ipc/trace/InMemorySpanStorage.java,0.012614,0.013015,0.011691,0.011330,0.012614,0.011330,0.012795,0.013216,0.011871,0.011493,0.012795,0.011493
8,3,lang/java/ipc/src/main/java/org/apache/avro/ipc/trace/FileSpanStorage.java,0.012614,0.013015,0.011691,0.011330,0.012614,0.011330,0.012795,0.013216,0.011871,0.011493,0.012795,0.011493
8,3,lang/java/ipc/src/main/java/org/apache/avro/ipc/trace/TracePluginConfiguration.java,0.012614,0.013015,0.011691,0.011330,0.012614,0.011330,0.012795,0.013216,0.011871,0.011493,0.012795,0.011493
8,3,lang/java/ipc/src/main/java/org/apache/avro/ipc/trace/TracePlugin.java,0.012614,0.013015,0.011691,0.011330,0.012614,0.011330,0.012795,0.013216,0.011871,0.011493,0.012795,0.011493
8,3,lang/java/ipc/src/main/java/org/apache/avro/ipc/trace/TraceClientServlet.java,0.012614,0.013015,0.011691,0.011330,0.012614,0.011330,0.012795,0.013216,0.011871,0.011493,0.012795,0.011493
8,4,lang/java/ipc/src/main/java/org/apache/avro/ipc/reflect/ReflectResponder.java,0.002026,0.002169,0.002169,0.002026,0.002131,0.002131,0.002052,0.002203,0.002203,0.002052,0.002163,0.002163
8,5,lang/java/ipc/src/main/java/org/apache/avro/ipc/reflect/ReflectRequestor.java,0.002026,0.002169,0.002169,0.002026,0.002131,0.002131,0.002052,0.002203,0.002203,0.002052,0.002163,0.002163
8,6,lang/java/ipc/src/test/java/org/apache/avro/ipc/TestNettyServer.java,0.002121,0.002169,0.002169,0.002121,0.002121,0.002121,0.002153,0.002203,0.002203,0.002153,0.002153,0.002153
8,7,lang/java/ipc/src/test/java/org/apache/avro/TestProtocolGeneric.java,0.002141,0.002169,0.002169,0.002141,0.002141,0.002141,0.002173,0.002203,0.002203,0.002173,0.002173,0.002173
8,8,lang/java/mapred/src/main/java/org/apache/avro/hadoop/io/AvroSequenceFile.java,0.002141,0.002169,0.002169,0.002141,0.002141,0.002141,0.002173,0.002203,0.002203,0.002173,0.002173,0.002173
9,0,lang/java/trevni/avro/src/main/java/org/apache/trevni/avro/mapreduce/AvroTrevniRecordWriterBase.java,0.002069,0.002169,0.002169,0.002069,0.002149,0.002149,0.002098,0.002203,0.002203,0.002098,0.002182,0.002182
9,1,lang/java/trevni/avro/src/main/java/org/apache/trevni/avro/mapreduce/AvroTrevniRecordReaderBase.java,0.002069,0.002169,0.002169,0.002069,0.002149,0.002149,0.002098,0.002203,0.002203,0.002098,0.002182,0.002182
9,2,lang/java/mapred/src/main/java/org/apache/avro/hadoop/io/AvroDatumConverterFactory.java,0.004098,0.004338,0.004338,0.004098,0.004238,0.004238,0.004154,0.004405,0.004405,0.004154,0.004300,0.004300
9,2,lang/java/mapred/src/main/java/org/apache/avro/hadoop/io/AvroDatumConverter.java,0.004098,0.004338,0.004338,0.004098,0.004238,0.004238,0.004154,0.004405,0.004405,0.004154,0.004300,0.004300
9,3,lang/java/ipc/src/test/java/org/apache/avro/SimpleException.java,0.004098,0.004338,0.004338,0.004098,0.004218,0.004218,0.004154,0.004405,0.004405,0.004154,0.004279,0.004279
9,3,lang/java/ipc/src/test/java/org/apache/avro/TestProtocolReflect.java,0.004098,0.004338,0.004338,0.004098,0.004218,0.004218,0.004154,0.004405,0.004405,0.004154,0.004279,0.004279
9,4,lang/java/tools/src/main/java/org/apache/avro/tool/RpcProtocolTool.java,0.002069,0.002169,0.002169,0.002069,0.002149,0.002149,0.002098,0.002203,0.002203,0.002098,0.002182,0.002182
9,5,lang/java/mapred/src/main/java/org/apache/avro/mapreduce/AvroKeyInputFormat.java,0.002029,0.002169,0.002169,0.002029,0.002119,0.002119,0.002056,0.002203,0.002203,0.002056,0.002150,0.002150
9,6,lang/java/tools/src/main/java/org/apache/avro/tool/RpcSendTool.java,0.002069,0.002169,0.002169,0.002069,0.002149,0.002149,0.002098,0.002203,0.002203,0.002098,0.002182,0.002182
9,7,lang/java/mapred/src/main/java/org/apache/avro/mapreduce/AvroOutputFormatBase.java,0.002079,0.002169,0.002169,0.002079,0.002149,0.002149,0.002108,0.002203,0.002203,0.002108,0.002182,0.002182
10,0,lang/java/ipc/src/test/java/org/apache/avro/TestProtocolSpecific.java,0.002098,0.002169,0.002169,0.002098,0.002119,0.002119,0.002128,0.002203,0.002203,0.002128,0.002149,0.002149
10,1,lang/java/mapred/src/main/java/org/apache/avro/mapreduce/AvroKeyValueRecordWriter.java,0.002119,0.002169,0.002169,0.002119,0.002149,0.002149,0.002149,0.002203,0.002203,0.002149,0.002181,0.002181
10,2,lang/java/mapred/src/main/java/org/apache/avro/mapreduce/AvroKeyOutputFormat.java,0.002129,0.002169,0.002169,0.002129,0.002139,0.002139,0.002160,0.002203,0.002203,0.002160,0.002171,0.002171
11,0,lang/java/mapred/src/main/java/org/apache/avro/mapreduce/AvroKeyValueOutputFormat.java,0.002139,0.002169,0.002169,0.002139,0.002149,0.002149,0.002171,0.002203,0.002203,0.002171,0.002181,0.002181
12,0,lang/java/trevni/avro/src/main/java/org/apache/trevni/avro/mapreduce/AvroTrevniKeyOutputFormat.java,0.010846,0.010846,0.010846,0.010846,0.010846,0.010846,0.011013,0.011013,0.011013,0.011013,0.011013,0.011013
12,0,lang/java/trevni/avro/src/main/java/org/apache/trevni/avro/mapreduce/AvroTrevniKeyInputFormat.java,0.010846,0.010846,0.010846,0.010846,0.010846,0.010846,0.011013,0.011013,0.011013,0.011013,0.011013,0.011013
12,0,lang/java/trevni/avro/src/test/java/org/apache/trevni/avro/mapreduce/TestKeyWordCount.java,0.010846,0.010846,0.010846,0.010846,0.010846,0.010846,0.011013,0.011013,0.011013,0.011013,0.011013,0.011013
12,0,lang/java/trevni/avro/src/main/java/org/apache/trevni/avro/mapreduce/AvroTrevniKeyRecordWriter.java,0.010846,0.010846,0.010846,0.010846,0.010846,0.010846,0.011013,0.011013,0.011013,0.011013,0.011013,0.011013
12,0,lang/java/trevni/avro/src/main/java/org/apache/trevni/avro/mapreduce/AvroTrevniKeyRecordReader.java,0.010846,0.010846,0.010846,0.010846,0.010846,0.010846,0.011013,0.011013,0.011013,0.011013,0.011013,0.011013
12,1,lang/java/trevni/avro/src/test/java/org/apache/trevni/avro/mapreduce/TestKeyValueWordCount.java,0.010846,0.010846,0.010846,0.010846,0.010846,0.010846,0.011013,0.011013,0.011013,0.011013,0.011013,0.011013
12,1,lang/java/trevni/avro/src/main/java/org/apache/trevni/avro/mapreduce/AvroTrevniKeyValueRecordWriter.java,0.010846,0.010846,0.010846,0.010846,0.010846,0.010846,0.011013,0.011013,0.011013,0.011013,0.011013,0.011013
12,1,lang/java/trevni/avro/src/main/java/org/apache/trevni/avro/mapreduce/AvroTrevniKeyValueRecordReader.java,0.010846,0.010846,0.010846,0.010846,0.010846,0.010846,0.011013,0.011013,0.011013,0.011013,0.011013,0.011013
12,1,lang/java/trevni/avro/src/main/java/org/apache/trevni/avro/mapreduce/AvroTrevniKeyValueOutputFormat.java,0.010846,0.010846,0.010846,0.010846,0.010846,0.010846,0.011013,0.011013,0.011013,0.011013,0.011013,0.011013
12,1,lang/java/trevni/avro/src/main/java/org/apache/trevni/avro/mapreduce/AvroTrevniKeyValueInputFormat.java,0.010846,0.010846,0.010846,0.010846,0.010846,0.010846,0.011013,0.011013,0.011013,0.011013,0.011013,0.011013
12,2,lang/java/trevni/avro/src/main/java/org/apache/trevni/avro/AvroTrevniInputFormat.java,0.004338,0.004338,0.004338,0.004338,0.004338,0.004338,0.004405,0.004405,0.004405,0.004405,0.004405,0.004405
12,2,lang/java/trevni/avro/src/test/java/org/apache/trevni/avro/TestWordCount.java,0.004338,0.004338,0.004338,0.004338,0.004338,0.004338,0.004405,0.004405,0.004405,0.004405,0.004405,0.004405
12,3,lang/java/tools/src/main/java/org/apache/avro/tool/TrevniToJsonTool.java,0.019523,0.019523,0.014300,0.014300,0.019523,0.014300,0.014521,0.019824,0.014521,0.014521,0.019824,0.014521
12,3,lang/java/tools/src/main/java/org/apache/avro/tool/TrevniMetadataTool.java,0.019523,0.019523,0.014300,0.014300,0.019523,0.014300,0.014521,0.019824,0.014521,0.014521,0.019824,0.014521
12,3,lang/java/tools/src/main/java/org/apache/avro/tool/TrevniCreateRandomTool.java,0.019523,0.019523,0.014300,0.014300,0.019523,0.014300,0.014521,0.019824,0.014521,0.014521,0.019824,0.014521
12,3,lang/java/tools/src/main/java/org/apache/avro/tool/TetherTool.java,0.019523,0.019523,0.014300,0.014300,0.019523,0.014300,0.014521,0.019824,0.014521,0.014521,0.019824,0.014521
12,3,lang/java/tools/src/main/java/org/apache/avro/tool/InduceSchemaTool.java,0.019523,0.019523,0.014300,0.014300,0.019523,0.014300,0.014521,0.019824,0.014521,0.014521,0.019824,0.014521
12,3,lang/java/tools/src/main/java/org/apache/avro/tool/Main.java,0.019523,0.019523,0.014300,0.014300,0.019523,0.014300,0.014521,0.019824,0.014521,0.014521,0.019824,0.014521
12,3,lang/java/tools/src/test/java/org/apache/avro/tool/TestMain.java,0.019523,0.019523,0.014300,0.014300,0.019523,0.014300,0.014521,0.019824,0.014521,0.014521,0.019824,0.014521
12,3,lang/java/tools/src/main/java/org/apache/avro/tool/IdlTool.java,0.019523,0.019523,0.014300,0.014300,0.019523,0.014300,0.014521,0.019824,0.014521,0.014521,0.019824,0.014521
12,3,lang/java/tools/src/main/java/org/apache/avro/tool/TrevniUtil.java,0.019523,0.019523,0.014300,0.014300,0.019523,0.014300,0.014521,0.019824,0.014521,0.014521,0.019824,0.014521
12,4,lang/java/tools/src/test/compiler/output/Player.java,0.004338,0.004338,0.004338,0.004338,0.004338,0.004338,0.004405,0.004405,0.004405,0.004405,0.004405,0.004405
12,4,lang/java/tools/src/test/compiler/output-string/avro/examples/baseball/Player.java,0.004338,0.004338,0.004338,0.004338,0.004338,0.004338,0.004405,0.004405,0.004405,0.004405,0.004405,0.004405
12,5,lang/java/thrift/src/test/java/org/apache/avro/thrift/test/Nested.java,0.015184,0.015184,0.012559,0.012559,0.015184,0.012559,0.012752,0.015419,0.012752,0.012752,0.015419,0.012752
12,5,lang/java/thrift/src/test/java/org/apache/avro/thrift/test/E.java,0.015184,0.015184,0.012559,0.012559,0.015184,0.012559,0.012752,0.015419,0.012752,0.012752,0.015419,0.012752
12,5,lang/java/thrift/src/test/java/org/apache/avro/thrift/TestThrift.java,0.015184,0.015184,0.012559,0.012559,0.015184,0.012559,0.012752,0.015419,0.012752,0.012752,0.015419,0.012752
12,5,lang/java/thrift/src/main/java/org/apache/avro/thrift/ThriftDatumWriter.java,0.015184,0.015184,0.012559,0.012559,0.015184,0.012559,0.012752,0.015419,0.012752,0.012752,0.015419,0.012752
12,5,lang/java/thrift/src/main/java/org/apache/avro/thrift/ThriftDatumReader.java,0.015184,0.015184,0.012559,0.012559,0.015184,0.012559,0.012752,0.015419,0.012752,0.012752,0.015419,0.012752
12,5,lang/java/thrift/src/main/java/org/apache/avro/thrift/ThriftData.java,0.015184,0.015184,0.012559,0.012559,0.015184,0.012559,0.012752,0.015419,0.012752,0.012752,0.015419,0.012752
12,5,lang/java/thrift/src/test/java/org/apache/avro/thrift/test/Test.java,0.015184,0.015184,0.012559,0.012559,0.015184,0.012559,0.012752,0.015419,0.012752,0.012752,0.015419,0.012752
12,6,lang/java/protobuf/src/test/java/org/apache/avro/protobuf/TestProtobuf.java,0.010846,0.010846,0.010846,0.010846,0.010846,0.010846,0.011013,0.011013,0.011013,0.011013,0.011013,0.011013
12,6,lang/java/protobuf/src/test/java/org/apache/avro/protobuf/Test.java,0.010846,0.010846,0.010846,0.010846,0.010846,0.010846,0.011013,0.011013,0.011013,0.011013,0.011013,0.011013
12,6,lang/java/protobuf/src/main/java/org/apache/avro/protobuf/ProtobufDatumWriter.java,0.010846,0.010846,0.010846,0.010846,0.010846,0.010846,0.011013,0.011013,0.011013,0.011013,0.011013,0.011013
12,6,lang/java/protobuf/src/main/java/org/apache/avro/protobuf/ProtobufDatumReader.java,0.010846,0.010846,0.010846,0.010846,0.010846,0.010846,0.011013,0.011013,0.011013,0.011013,0.011013,0.011013
12,6,lang/java/protobuf/src/main/java/org/apache/avro/protobuf/ProtobufData.java,0.010846,0.010846,0.010846,0.010846,0.010846,0.010846,0.011013,0.011013,0.011013,0.011013,0.011013,0.011013
12,7,lang/java/maven-plugin/src/test/java/org/apache/avro/mojo/TestSchemaMojo.java,0.004338,0.004338,0.004338,0.004338,0.004338,0.004338,0.004405,0.004405,0.004405,0.004405,0.004405,0.004405
12,7,lang/java/maven-plugin/src/main/java/org/apache/avro/mojo/SchemaMojo.java,0.004338,0.004338,0.004338,0.004338,0.004338,0.004338,0.004405,0.004405,0.004405,0.004405,0.004405,0.004405
12,8,lang/java/maven-plugin/src/test/java/org/apache/avro/mojo/TestProtocolMojo.java,0.004338,0.004338,0.004338,0.004338,0.004338,0.004338,0.004405,0.004405,0.004405,0.004405,0.004405,0.004405
12,8,lang/java/maven-plugin/src/main/java/org/apache/avro/mojo/ProtocolMojo.java,0.004338,0.004338,0.004338,0.004338,0.004338,0.004338,0.004405,0.004405,0.004405,0.004405,0.004405,0.004405
12,9,lang/java/maven-plugin/src/test/java/org/apache/avro/mojo/TestIDLProtocolMojo.java,0.004338,0.004338,0.004338,0.004338,0.004338,0.004338,0.004405,0.004405,0.004405,0.004405,0.004405,0.004405
12,9,lang/java/maven-plugin/src/main/java/org/apache/avro/mojo/IDLProtocolMojo.java,0.004338,0.004338,0.004338,0.004338,0.004338,0.004338,0.004405,0.004405,0.004405,0.004405,0.004405,0.004405
12,10,lang/java/mapred/src/test/java/org/apache/avro/mapreduce/TestKeyValueInput.java,0.004338,0.004338,0.004338,0.004338,0.004338,0.004338,0.004405,0.004405,0.004405,0.004405,0.004405,0.004405
12,10,lang/java/mapred/src/main/java/org/apache/avro/mapreduce/AvroKeyValueInputFormat.java,0.004338,0.004338,0.004338,0.004338,0.004338,0.004338,0.004405,0.004405,0.004405,0.004405,0.004405,0.004405
12,11,lang/java/mapred/src/test/java/org/apache/avro/mapreduce/TestAvroMultipleOutputs.java,0.004338,0.004338,0.004338,0.004338,0.004338,0.004338,0.004405,0.004405,0.004405,0.004405,0.004405,0.004405
12,11,lang/java/mapred/src/main/java/org/apache/avro/mapreduce/AvroMultipleOutputs.java,0.004338,0.004338,0.004338,0.004338,0.004338,0.004338,0.004405,0.004405,0.004405,0.004405,0.004405,0.004405
12,12,lang/java/mapred/src/test/java/org/apache/avro/mapred/tether/WordCountTask.java,0.006508,0.006508,0.006508,0.006508,0.006508,0.006508,0.006608,0.006608,0.006608,0.006608,0.006608,0.006608
12,12,lang/java/mapred/src/test/java/org/apache/avro/mapred/tether/TetherTaskRunner.java,0.006508,0.006508,0.006508,0.006508,0.006508,0.006508,0.006608,0.006608,0.006608,0.006608,0.006608,0.006608
12,12,lang/java/mapred/src/test/java/org/apache/avro/mapred/tether/TetherTask.java,0.006508,0.006508,0.006508,0.006508,0.006508,0.006508,0.006608,0.006608,0.006608,0.006608,0.006608,0.006608
12,13,lang/java/mapred/src/main/java/org/apache/avro/mapred/AvroAsTextRecordReader.java,0.006508,0.006508,0.006508,0.006508,0.006508,0.006508,0.006608,0.006608,0.006608,0.006608,0.006608,0.006608
12,13,lang/java/mapred/src/main/java/org/apache/avro/mapred/AvroAsTextInputFormat.java,0.006508,0.006508,0.006508,0.006508,0.006508,0.006508,0.006608,0.006608,0.006608,0.006608,0.006608,0.006608
12,13,lang/java/mapred/src/test/java/org/apache/avro/mapred/TestAvroTextSort.java,0.006508,0.006508,0.006508,0.006508,0.006508,0.006508,0.006608,0.006608,0.006608,0.006608,0.006608,0.006608
12,14,lang/java/mapred/src/test/java/org/apache/avro/mapred/TestAvroMultipleOutputs.java,0.004338,0.004338,0.004338,0.004338,0.004338,0.004338,0.004405,0.004405,0.004405,0.004405,0.004405,0.004405
12,14,lang/java/mapred/src/main/java/org/apache/avro/mapred/AvroMultipleOutputs.java,0.004338,0.004338,0.004338,0.004338,0.004338,0.004338,0.004405,0.004405,0.004405,0.004405,0.004405,0.004405
12,15,lang/java/mapred/src/main/java/org/apache/avro/hadoop/file/SortedKeyValueFile.java,0.004338,0.004338,0.004338,0.004338,0.004338,0.004338,0.004405,0.004405,0.004405,0.004405,0.004405,0.004405
12,15,lang/java/mapred/src/test/java/org/apache/avro/hadoop/file/TestSortedKeyValueFile.java,0.004338,0.004338,0.004338,0.004338,0.004338,0.004338,0.004405,0.004405,0.004405,0.004405,0.004405,0.004405
12,16,lang/java/avro/src/main/java/org/apache/avro/data/Json.java,0.013015,0.013015,0.011691,0.011691,0.013015,0.011691,0.011871,0.013216,0.011871,0.011871,0.013216,0.011871
12,16,lang/java/ipc/src/test/java/org/apache/avro/TestAnnotation.java,0.013015,0.013015,0.011691,0.011691,0.013015,0.011691,0.011871,0.013216,0.011871,0.011871,0.013216,0.011871
12,16,lang/java/ipc/src/test/java/org/apache/avro/compiler/specific/TestSpecificCompiler.java,0.013015,0.013015,0.011691,0.011691,0.013015,0.011691,0.011871,0.013216,0.011871,0.011871,0.013216,0.011871
12,16,lang/java/ipc/src/test/java/org/apache/avro/TestSchema.java,0.013015,0.013015,0.011691,0.011691,0.013015,0.011691,0.011871,0.013216,0.011871,0.011871,0.013216,0.011871
12,16,lang/java/ipc/src/test/java/org/apache/avro/TestProtocolParsing.java,0.013015,0.013015,0.011691,0.011691,0.013015,0.011691,0.011871,0.013216,0.011871,0.011871,0.013216,0.011871
12,16,lang/java/ipc/src/test/java/org/apache/avro/specific/TestSpecificData.java,0.013015,0.013015,0.011691,0.011691,0.013015,0.011691,0.011871,0.013216,0.011871,0.011871,0.013216,0.011871
12,17,lang/java/ipc/src/test/java/org/apache/avro/ipc/trace/TestTraceSingletons.java,0.004338,0.004338,0.004338,0.004338,0.004338,0.004338,0.004405,0.004405,0.004405,0.004405,0.004405,0.004405
12,17,lang/java/ipc/src/test/java/org/apache/avro/ipc/trace/SingletonTestingTracePlugin.java,0.004338,0.004338,0.004338,0.004338,0.004338,0.004338,0.004405,0.004405,0.004405,0.004405,0.004405,0.004405
12,18,lang/java/ipc/src/test/java/org/apache/avro/ipc/trace/TestTraceCollection.java,0.004338,0.004338,0.004338,0.004338,0.004338,0.004338,0.004405,0.004405,0.004405,0.004405,0.004405,0.004405
12,18,lang/java/ipc/src/test/java/org/apache/avro/ipc/trace/TestBasicTracing.java,0.004338,0.004338,0.004338,0.004338,0.004338,0.004338,0.004405,0.004405,0.004405,0.004405,0.004405,0.004405
12,19,lang/java/ipc/src/test/java/org/apache/avro/ipc/stats/TestStatsPluginAndServlet.java,0.008677,0.008677,0.008677,0.008677,0.008677,0.008677,0.008811,0.008811,0.008811,0.008811,0.008811,0.008811
12,19,lang/java/ipc/src/main/java/org/apache/avro/ipc/stats/StatsServlet.java,0.008677,0.008677,0.008677,0.008677,0.008677,0.008677,0.008811,0.008811,0.008811,0.008811,0.008811,0.008811
12,19,lang/java/ipc/src/main/java/org/apache/avro/ipc/stats/StatsServer.java,0.008677,0.008677,0.008677,0.008677,0.008677,0.008677,0.008811,0.008811,0.008811,0.008811,0.008811,0.008811
12,19,lang/java/ipc/src/main/java/org/apache/avro/ipc/stats/StaticServlet.java,0.008677,0.008677,0.008677,0.008677,0.008677,0.008677,0.008811,0.008811,0.008811,0.008811,0.008811,0.008811
12,20,lang/java/ipc/src/test/java/org/apache/avro/TestProtocolDatagram.java,0.006508,0.006508,0.006508,0.006508,0.006508,0.006508,0.006608,0.006608,0.006608,0.006608,0.006608,0.006608
12,20,lang/java/ipc/src/main/java/org/apache/avro/ipc/DatagramTransceiver.java,0.006508,0.006508,0.006508,0.006508,0.006508,0.006508,0.006608,0.006608,0.006608,0.006608,0.006608,0.006608
12,20,lang/java/ipc/src/main/java/org/apache/avro/ipc/DatagramServer.java,0.006508,0.006508,0.006508,0.006508,0.006508,0.006508,0.006608,0.006608,0.006608,0.006608,0.006608,0.006608
12,21,lang/java/ipc/src/test/java/org/apache/avro/TestNamespaceSpecific.java,0.004338,0.004338,0.004338,0.004338,0.004338,0.004338,0.004405,0.004405,0.004405,0.004405,0.004405,0.004405
12,21,lang/java/ipc/src/test/java/org/apache/avro/TestNamespaceReflect.java,0.004338,0.004338,0.004338,0.004338,0.004338,0.004338,0.004405,0.004405,0.004405,0.004405,0.004405,0.004405
12,22,lang/java/compiler/src/main/java/org/apache/avro/compiler/specific/SchemaTask.java,0.004338,0.004338,0.004338,0.004338,0.004338,0.004338,0.004405,0.004405,0.004405,0.004405,0.004405,0.004405
12,22,lang/java/compiler/src/main/java/org/apache/avro/compiler/specific/ProtocolTask.java,0.004338,0.004338,0.004338,0.004338,0.004338,0.004338,0.004405,0.004405,0.004405,0.004405,0.004405,0.004405
12,23,lang/java/avro/src/test/java/org/apache/avro/specific/TestSpecificDatumReader.java,0.004338,0.004338,0.004338,0.004338,0.004338,0.004338,0.004405,0.004405,0.004405,0.004405,0.004405,0.004405
12,23,lang/java/avro/src/test/java/org/apache/avro/reflect/TestReflectDatumReader.java,0.004338,0.004338,0.004338,0.004338,0.004338,0.004338,0.004405,0.004405,0.004405,0.004405,0.004405,0.004405
12,24,lang/java/avro/src/test/java/org/apache/avro/io/TestResolvingIOResolving.java,0.004338,0.004338,0.004338,0.004338,0.004338,0.004338,0.004405,0.004405,0.004405,0.004405,0.004405,0.004405
12,24,lang/java/avro/src/test/java/org/apache/avro/io/TestResolvingIO.java,0.004338,0.004338,0.004338,0.004338,0.004338,0.004338,0.004405,0.004405,0.004405,0.004405,0.004405,0.004405
12,25,lang/java/avro/src/test/java/org/apache/avro/io/TestBinaryEncoderFidelity.java,0.004338,0.004338,0.004338,0.004338,0.004338,0.004338,0.004405,0.004405,0.004405,0.004405,0.004405,0.004405
12,25,lang/java/avro/src/test/java/org/apache/avro/io/LegacyBinaryEncoder.java,0.004338,0.004338,0.004338,0.004338,0.004338,0.004338,0.004405,0.004405,0.004405,0.004405,0.004405,0.004405
12,26,lang/java/avro/src/test/java/org/apache/avro/generic/TestGenericRecordBuilder.java,0.004338,0.004338,0.004338,0.004338,0.004338,0.004338,0.004405,0.004405,0.004405,0.004405,0.004405,0.004405
12,26,lang/java/avro/src/main/java/org/apache/avro/generic/GenericRecordBuilder.java,0.004338,0.004338,0.004338,0.004338,0.004338,0.004338,0.004405,0.004405,0.004405,0.004405,0.004405,0.004405
12,27,lang/java/avro/src/test/java/org/apache/avro/file/TestCustomCodec.java,0.004338,0.004338,0.004338,0.004338,0.004338,0.004338,0.004405,0.004405,0.004405,0.004405,0.004405,0.004405
12,27,lang/java/avro/src/test/java/org/apache/avro/file/codec/CustomCodec.java,0.004338,0.004338,0.004338,0.004338,0.004338,0.004338,0.004405,0.004405,0.004405,0.004405,0.004405,0.004405
12,28,lang/java/avro/src/test/java/org/apache/avro/file/TestLengthLimitedInputStream.java,0.004338,0.004338,0.004338,0.004338,0.004338,0.004338,0.004405,0.004405,0.004405,0.004405,0.004405,0.004405
12,28,lang/java/avro/src/main/java/org/apache/avro/file/LengthLimitedInputStream.java,0.004338,0.004338,0.004338,0.004338,0.004338,0.004338,0.004405,0.004405,0.004405,0.004405,0.004405,0.004405
12,29,lang/java/avro/src/main/java/org/apache/avro/data/ErrorBuilder.java,0.006508,0.006508,0.006508,0.006508,0.006508,0.006508,0.006608,0.006608,0.006608,0.006608,0.006608,0.006608
12,29,lang/java/avro/src/main/java/org/apache/avro/specific/SpecificExceptionBase.java,0.006508,0.006508,0.006508,0.006508,0.006508,0.006508,0.006608,0.006608,0.006608,0.006608,0.006608,0.006608
12,29,lang/java/avro/src/main/java/org/apache/avro/specific/SpecificErrorBuilderBase.java,0.006508,0.006508,0.006508,0.006508,0.006508,0.006508,0.006608,0.006608,0.006608,0.006608,0.006608,0.006608
12,30,lang/java/avro/src/test/java/org/apache/avro/TestSchemaNormalization.java,0.004338,0.004338,0.004338,0.004338,0.004338,0.004338,0.004405,0.004405,0.004405,0.004405,0.004405,0.004405
12,30,lang/java/avro/src/main/java/org/apache/avro/SchemaNormalization.java,0.004338,0.004338,0.004338,0.004338,0.004338,0.004338,0.004405,0.004405,0.004405,0.004405,0.004405,0.004405
12,31,lang/java/avro/src/test/java/org/apache/avro/TestDataFileReflect.java,0.006508,0.006508,0.006508,0.006508,0.006508,0.006508,0.006608,0.006608,0.006608,0.006608,0.006608,0.006608
12,31,lang/java/avro/src/test/java/org/apache/avro/FooRecord.java,0.006508,0.006508,0.006508,0.006508,0.006508,0.006508,0.006608,0.006608,0.006608,0.006608,0.006608,0.006608
12,31,lang/java/avro/src/test/java/org/apache/avro/BarRecord.java,0.006508,0.006508,0.006508,0.006508,0.006508,0.006508,0.006608,0.006608,0.006608,0.006608,0.006608,0.006608
12,32,lang/java/trevni/core/src/test/java/org/apache/trevni/TestInputBytes.java,0.002169,0.002169,0.002169,0.002169,0.002169,0.002169,0.002203,0.002203,0.002203,0.002203,0.002203,0.002203
12,33,lang/java/trevni/core/src/test/java/org/apache/trevni/TestIOBuffers.java,0.002169,0.002169,0.002169,0.002169,0.002169,0.002169,0.002203,0.002203,0.002203,0.002203,0.002203,0.002203
12,34,lang/java/trevni/core/src/test/java/org/apache/trevni/TestBZip2Codec.java,0.002169,0.002169,0.002169,0.002169,0.002169,0.002169,0.002203,0.002203,0.002203,0.002203,0.002203,0.002203
12,35,lang/java/ipc/src/test/java/org/apache/avro/specific/TestSpecificRecordBuilder.java,0.004338,0.004338,0.004338,0.004338,0.004338,0.004338,0.004405,0.004405,0.004405,0.004405,0.004405,0.004405
12,35,lang/java/ipc/src/test/java/org/apache/avro/specific/TestSpecificErrorBuilder.java,0.004338,0.004338,0.004338,0.004338,0.004338,0.004338,0.004405,0.004405,0.004405,0.004405,0.004405,0.004405
12,36,lang/java/ipc/src/test/java/org/apache/avro/TestCompare.java,0.002169,0.002169,0.002169,0.002169,0.002169,0.002169,0.002203,0.002203,0.002203,0.002203,0.002203,0.002203
12,37,lang/java/avro/src/test/java/org/apache/avro/util/TestUtf8.java,0.002169,0.002169,0.002169,0.002169,0.002169,0.002169,0.002203,0.002203,0.002203,0.002203,0.002203,0.002203
12,38,lang/java/mapred/src/test/java/org/apache/avro/mapred/TestAvroWrapper.java,0.002169,0.002169,0.002169,0.002169,0.002169,0.002169,0.002203,0.002203,0.002203,0.002203,0.002203,0.002203
12,39,lang/java/trevni/core/src/test/java/org/apache/trevni/TestColumnFile.java,0.002169,0.002169,0.002169,0.002169,0.002169,0.002169,0.002203,0.002203,0.002203,0.002203,0.002203,0.002203
12,40,lang/java/compiler/src/test/java/org/apache/avro/compiler/idl/TestIdl.java,0.002169,0.002169,0.002169,0.002169,0.002169,0.002169,0.002203,0.002203,0.002203,0.002203,0.002203,0.002203
12,41,lang/java/ipc/src/test/java/org/apache/avro/ipc/TestSaslDigestMd5.java,0.002169,0.002169,0.002169,0.002169,0.002169,0.002169,0.002203,0.002203,0.002203,0.002203,0.002203,0.002203
12,42,lang/java/tools/src/test/java/org/apache/avro/tool/TestConcatTool.java,0.002169,0.002169,0.002169,0.002169,0.002169,0.002169,0.002203,0.002203,0.002203,0.002203,0.002203,0.002203
12,43,lang/java/avro/src/test/java/org/apache/avro/io/parsing/TestResolvingGrammarGenerator.java,0.002169,0.002169,0.002169,0.002169,0.002169,0.002169,0.002203,0.002203,0.002203,0.002203,0.002203,0.002203
12,44,lang/java/avro/src/test/java/org/apache/avro/TestProtocol.java,0.002169,0.002169,0.002169,0.002169,0.002169,0.002169,0.002203,0.002203,0.002203,0.002203,0.002203,0.002203
12,45,lang/java/mapred/src/test/java/org/apache/avro/mapred/TestAvroTextOutputFormat.java,0.002169,0.002169,0.002169,0.002169,0.002169,0.002169,0.002203,0.002203,0.002203,0.002203,0.002203,0.002203
12,46,lang/java/mapred/src/test/java/org/apache/avro/mapred/TestPair.java,0.002169,0.002169,0.002169,0.002169,0.002169,0.002169,0.002203,0.002203,0.002203,0.002203,0.002203,0.002203
12,47,lang/java/avro/src/main/java/org/apache/avro/specific/SpecificFixed.java,0.002169,0.002169,0.002169,0.002169,0.002169,0.002169,0.002203,0.002203,0.002203,0.002203,0.002203,0.002203
12,48,lang/java/avro/src/test/java/org/apache/avro/file/TestBZip2Codec.java,0.002169,0.002169,0.002169,0.002169,0.002169,0.002169,0.002203,0.002203,0.002203,0.002203,0.002203,0.002203
12,49,lang/java/avro/src/test/java/org/apache/avro/TestDataFileConcat.java,0.002169,0.002169,0.002169,0.002169,0.002169,0.002169,0.002203,0.002203,0.002203,0.002203,0.002203,0.002203
12,50,lang/java/avro/src/test/java/org/apache/avro/TestDataFile.java,0.002169,0.002169,0.002169,0.002169,0.002169,0.002169,0.002203,0.002203,0.002203,0.002203,0.002203,0.002203
12,51,lang/java/ipc/src/test/java/org/apache/avro/generic/TestDeepCopy.java,0.002169,0.002169,0.002169,0.002169,0.002169,0.002169,0.002203,0.002203,0.002203,0.002203,0.002203,0.002203
12,52,lang/java/ipc/src/test/java/org/apache/avro/TestProtocolReflectMeta.java,0.002169,0.002169,0.002169,0.002169,0.002169,0.002169,0.002203,0.002203,0.002203,0.002203,0.002203,0.002203
12,53,lang/java/avro/src/test/java/org/apache/avro/generic/TestGenericDatumWriter.java,0.002169,0.002169,0.002169,0.002169,0.002169,0.002169,0.002203,0.002203,0.002203,0.002203,0.002203,0.002203
12,54,lang/java/tools/src/test/java/org/apache/avro/tool/TestDataFileTools.java,0.002169,0.002169,0.002169,0.002169,0.002169,0.002169,0.002203,0.002203,0.002203,0.002203,0.002203,0.002203
12,55,lang/java/ipc/src/test/java/org/apache/avro/ipc/TestNettyServerWithCompression.java,0.002169,0.002169,0.002169,0.002169,0.002169,0.002169,0.002203,0.002203,0.002203,0.002203,0.002203,0.002203
12,56,lang/java/avro/src/test/java/org/apache/avro/generic/TestGenericData.java,0.002169,0.002169,0.002169,0.002169,0.002169,0.002169,0.002203,0.002203,0.002203,0.002203,0.002203,0.002203
12,57,lang/java/ipc/src/test/java/org/apache/avro/TestProtocolHttp.java,0.002169,0.002169,0.002169,0.002169,0.002169,0.002169,0.002203,0.002203,0.002203,0.002203,0.002203,0.002203
12,58,lang/java/ipc/src/test/java/org/apache/avro/ipc/trace/TestFileSpanStorage.java,0.002169,0.002169,0.002169,0.002169,0.002169,0.002169,0.002203,0.002203,0.002203,0.002203,0.002203,0.002203
12,59,lang/java/mapred/src/test/java/org/apache/avro/hadoop/io/TestAvroSerializer.java,0.002169,0.002169,0.002169,0.002169,0.002169,0.002169,0.002203,0.002203,0.002203,0.002203,0.002203,0.002203
12,60,lang/java/tools/src/test/java/org/apache/avro/tool/TestSpecificCompilerTool.java,0.002169,0.002169,0.002169,0.002169,0.002169,0.002169,0.002203,0.002203,0.002203,0.002203,0.002203,0.002203
12,61,lang/java/ipc/src/test/java/org/apache/avro/specific/TestSpecificDatumWriter.java,0.002169,0.002169,0.002169,0.002169,0.002169,0.002169,0.002203,0.002203,0.002203,0.002203,0.002203,0.002203
12,62,lang/java/ipc/src/test/java/org/apache/avro/ipc/TestNettyServerConcurrentExecution.java,0.002169,0.002169,0.002169,0.002169,0.002169,0.002169,0.002203,0.002203,0.002203,0.002203,0.002203,0.002203
12,63,lang/java/ipc/src/test/java/org/apache/avro/ipc/trace/TestSpanTraceFormation.java,0.002169,0.002169,0.002169,0.002169,0.002169,0.002169,0.002203,0.002203,0.002203,0.002203,0.002203,0.002203
12,64,lang/java/avro/src/test/java/org/apache/avro/specific/TestSpecificData.java,0.002169,0.002169,0.002169,0.002169,0.002169,0.002169,0.002203,0.002203,0.002203,0.002203,0.002203,0.002203
12,65,lang/java/avro/src/test/java/org/apache/avro/file/TestSeekableByteArrayInput.java,0.002169,0.002169,0.002169,0.002169,0.002169,0.002169,0.002203,0.002203,0.002203,0.002203,0.002203,0.002203
12,66,lang/java/mapred/src/main/java/org/apache/avro/mapred/AvroUtf8InputFormat.java,0.002169,0.002169,0.002169,0.002169,0.002169,0.002169,0.002203,0.002203,0.002203,0.002203,0.002203,0.002203
12,67,lang/java/ipc/src/test/java/org/apache/avro/ipc/stats/TestStopwatch.java,0.002169,0.002169,0.002169,0.002169,0.002169,0.002169,0.002203,0.002203,0.002203,0.002203,0.002203,0.002203
12,68,lang/java/avro/src/test/java/org/apache/avro/io/TestBinaryDecoder.java,0.002169,0.002169,0.002169,0.002169,0.002169,0.002169,0.002203,0.002203,0.002203,0.002203,0.002203,0.002203
12,69,lang/java/mapred/src/test/java/org/apache/avro/mapreduce/TestWordCount.java,0.002169,0.002169,0.002169,0.002169,0.002169,0.002169,0.002203,0.002203,0.002203,0.002203,0.002203,0.002203
12,70,doc/examples/mr-example/src/main/java/example/ColorCount.java,0.002169,0.002169,0.002169,0.002169,0.002169,0.002169,0.002203,0.002203,0.002203,0.002203,0.002203,0.002203
12,71,lang/java/mapred/src/test/java/org/apache/avro/mapred/TestAvroOutputFormat.java,0.002169,0.002169,0.002169,0.002169,0.002169,0.002169,0.002203,0.002203,0.002203,0.002203,0.002203,0.002203
12,72,lang/java/ipc/src/test/java/org/apache/avro/DataFileInteropTest.java,0.002169,0.002169,0.002169,0.002169,0.002169,0.002169,0.002203,0.002203,0.002203,0.002203,0.002203,0.002203
12,73,lang/java/mapred/src/test/java/org/apache/avro/hadoop/file/TestHadoopCodecFactory.java,0.002169,0.002169,0.002169,0.002169,0.002169,0.002169,0.002203,0.002203,0.002203,0.002203,0.002203,0.002203
12,74,lang/java/ipc/src/test/java/org/apache/avro/RandomData.java,0.002169,0.002169,0.002169,0.002169,0.002169,0.002169,0.002203,0.002203,0.002203,0.002203,0.002203,0.002203
12,75,doc/examples/mr-example/src/main/java/example/GenerateData.java,0.002169,0.002169,0.002169,0.002169,0.002169,0.002169,0.002203,0.002203,0.002203,0.002203,0.002203,0.002203
12,76,lang/java/ipc/src/test/java/org/apache/avro/ipc/TestLocalTransceiver.java,0.002169,0.002169,0.002169,0.002169,0.002169,0.002169,0.002203,0.002203,0.002203,0.002203,0.002203,0.002203
12,77,lang/java/ipc/src/test/java/org/apache/avro/TestBulkData.java,0.002169,0.002169,0.002169,0.002169,0.002169,0.002169,0.002203,0.002203,0.002203,0.002203,0.002203,0.002203
12,78,lang/java/avro/src/test/java/org/apache/avro/reflect/TestReflect.java,0.002169,0.002169,0.002169,0.002169,0.002169,0.002169,0.002203,0.002203,0.002203,0.002203,0.002203,0.002203
12,79,lang/java/mapred/src/test/java/org/apache/avro/mapreduce/TestAvroKeyInputFormat.java,0.002169,0.002169,0.002169,0.002169,0.002169,0.002169,0.002203,0.002203,0.002203,0.002203,0.002203,0.002203
12,80,doc/examples/mr-example/src/main/java/example/AvroWordCount.java,0.002169,0.002169,0.002169,0.002169,0.002169,0.002169,0.002203,0.002203,0.002203,0.002203,0.002203,0.002203
12,81,lang/java/tools/src/test/java/org/apache/avro/tool/TestJsonToFromBinaryFragmentTools.java,0.002169,0.002169,0.002169,0.002169,0.002169,0.002169,0.002203,0.002203,0.002203,0.002203,0.002203,0.002203
12,82,lang/java/mapred/src/test/java/org/apache/avro/hadoop/io/TestAvroKeyDeserializer.java,0.002169,0.002169,0.002169,0.002169,0.002169,0.002169,0.002203,0.002203,0.002203,0.002203,0.002203,0.002203
12,83,lang/java/mapred/src/test/java/org/apache/avro/mapred/TestWordCount.java,0.002169,0.002169,0.002169,0.002169,0.002169,0.002169,0.002203,0.002203,0.002203,0.002203,0.002203,0.002203
12,84,lang/java/mapred/src/test/java/org/apache/avro/mapred/TestGenericJob.java,0.002169,0.002169,0.002169,0.002169,0.002169,0.002169,0.002203,0.002203,0.002203,0.002203,0.002203,0.002203
12,85,lang/java/tools/src/test/compiler/output/Position.java,0.004338,0.004338,0.004338,0.004338,0.004338,0.004338,0.004405,0.004405,0.004405,0.004405,0.004405,0.004405
12,85,lang/java/tools/src/test/compiler/output-string/avro/examples/baseball/Position.java,0.004338,0.004338,0.004338,0.004338,0.004338,0.004338,0.004405,0.004405,0.004405,0.004405,0.004405,0.004405
12,86,lang/java/trevni/avro/src/test/java/org/apache/trevni/avro/TestMetadataFiltering.java,0.002169,0.002169,0.002169,0.002169,0.002169,0.002169,0.002203,0.002203,0.002203,0.002203,0.002203,0.002203
12,87,lang/java/mapred/src/test/java/org/apache/avro/mapreduce/TestAvroKeyValueRecordWriter.java,0.002169,0.002169,0.002169,0.002169,0.002169,0.002169,0.002203,0.002203,0.002203,0.002203,0.002203,0.002203
12,88,lang/java/mapred/src/test/java/org/apache/avro/hadoop/io/TestAvroValueDeserializer.java,0.002169,0.002169,0.002169,0.002169,0.002169,0.002169,0.002203,0.002203,0.002203,0.002203,0.002203,0.002203
12,89,lang/java/avro/src/test/java/org/apache/avro/data/RecordBuilderBaseTest.java,0.002169,0.002169,0.002169,0.002169,0.002169,0.002169,0.002203,0.002203,0.002203,0.002203,0.002203,0.002203
12,90,lang/java/mapred/src/test/java/org/apache/avro/mapreduce/TestAvroKeyValueRecordReader.java,0.002169,0.002169,0.002169,0.002169,0.002169,0.002169,0.002203,0.002203,0.002203,0.002203,0.002203,0.002203
12,91,lang/java/ipc/src/test/java/org/apache/avro/ipc/TestSaslAnonymous.java,0.002169,0.002169,0.002169,0.002169,0.002169,0.002169,0.002203,0.002203,0.002203,0.002203,0.002203,0.002203
12,92,lang/java/trevni/avro/src/test/java/org/apache/trevni/avro/TestCases.java,0.002169,0.002169,0.002169,0.002169,0.002169,0.002169,0.002203,0.002203,0.002203,0.002203,0.002203,0.002203
12,93,lang/java/ipc/src/test/java/org/apache/avro/TestProtocolHttps.java,0.002169,0.002169,0.002169,0.002169,0.002169,0.002169,0.002203,0.002203,0.002203,0.002203,0.002203,0.002203
12,94,doc/examples/java-example/src/main/java/example/GenericMain.java,0.002169,0.002169,0.002169,0.002169,0.002169,0.002169,0.002203,0.002203,0.002203,0.002203,0.002203,0.002203
12,95,lang/java/ipc/src/test/java/org/apache/avro/TestProtocolSpecificMeta.java,0.002169,0.002169,0.002169,0.002169,0.002169,0.002169,0.002203,0.002203,0.002203,0.002203,0.002203,0.002203
12,96,lang/java/ipc/src/test/java/org/apache/avro/TestDataFileSpecific.java,0.002169,0.002169,0.002169,0.002169,0.002169,0.002169,0.002203,0.002203,0.002203,0.002203,0.002203,0.002203
12,97,lang/java/mapred/src/test/java/org/apache/avro/hadoop/io/TestAvroDatumConverterFactory.java,0.002169,0.002169,0.002169,0.002169,0.002169,0.002169,0.002203,0.002203,0.002203,0.002203,0.002203,0.002203
12,98,lang/java/ipc/src/test/java/org/apache/avro/ipc/TestNettyServerWithCallbacks.java,0.002169,0.002169,0.002169,0.002169,0.002169,0.002169,0.002203,0.002203,0.002203,0.002203,0.002203,0.002203
12,99,lang/java/compiler/src/test/java/org/apache/avro/compiler/TestSpecificCompiler.java,0.002169,0.002169,0.002169,0.002169,0.002169,0.002169,0.002203,0.002203,0.002203,0.002203,0.002203,0.002203
12,100,lang/java/mapred/src/test/java/org/apache/avro/hadoop/util/TestAvroCharSequenceComparator.java,0.002169,0.002169,0.002169,0.002169,0.002169,0.002169,0.002203,0.002203,0.002203,0.002203,0.002203,0.002203
12,101,lang/java/ipc/src/test/java/org/apache/avro/ipc/TestRpcPluginOrdering.java,0.002169,0.002169,0.002169,0.002169,0.002169,0.002169,0.002203,0.002203,0.002203,0.002203,0.002203,0.002203
12,102,lang/java/avro/src/test/java/org/apache/avro/TestDataFileDeflate.java,0.002169,0.002169,0.002169,0.002169,0.002169,0.002169,0.002203,0.002203,0.002203,0.002203,0.002203,0.002203
12,103,doc/examples/java-example/src/main/java/example/SpecificMain.java,0.002169,0.002169,0.002169,0.002169,0.002169,0.002169,0.002203,0.002203,0.002203,0.002203,0.002203,0.002203
12,104,lang/java/trevni/avro/src/test/java/org/apache/trevni/avro/TestShredder.java,0.002169,0.002169,0.002169,0.002169,0.002169,0.002169,0.002203,0.002203,0.002203,0.002203,0.002203,0.002203
12,105,lang/java/avro/src/test/java/org/apache/avro/reflect/TestByteBuffer.java,0.002169,0.002169,0.002169,0.002169,0.002169,0.002169,0.002203,0.002203,0.002203,0.002203,0.002203,0.002203
12,106,lang/java/ipc/src/test/java/org/apache/avro/ipc/trace/TestTracingUtil.java,0.002169,0.002169,0.002169,0.002169,0.002169,0.002169,0.002203,0.002203,0.002203,0.002203,0.002203,0.002203
12,107,lang/java/ipc/src/test/java/org/apache/avro/ipc/trace/TestTraceConfigurations.java,0.002169,0.002169,0.002169,0.002169,0.002169,0.002169,0.002203,0.002203,0.002203,0.002203,0.002203,0.002203
12,108,lang/java/ipc/src/test/java/org/apache/avro/ipc/trace/TestStaticServlet.java,0.002169,0.002169,0.002169,0.002169,0.002169,0.002169,0.002203,0.002203,0.002203,0.002203,0.002203,0.002203
12,109,lang/java/mapred/src/test/java/org/apache/avro/mapred/TestWeather.java,0.002169,0.002169,0.002169,0.002169,0.002169,0.002169,0.002203,0.002203,0.002203,0.002203,0.002203,0.002203
12,110,lang/java/ipc/src/test/java/org/apache/avro/ipc/stats/TestHistogram.java,0.002169,0.002169,0.002169,0.002169,0.002169,0.002169,0.002203,0.002203,0.002203,0.002203,0.002203,0.002203
12,111,lang/java/ipc/src/test/java/org/apache/avro/ipc/trace/TestEndToEndTracing.java,0.002169,0.002169,0.002169,0.002169,0.002169,0.002169,0.002203,0.002203,0.002203,0.002203,0.002203,0.002203
12,112,lang/java/mapred/src/main/java/org/apache/avro/mapreduce/AvroSequenceFileOutputFormat.java,0.004338,0.004338,0.004338,0.004338,0.004338,0.004338,0.004405,0.004405,0.004405,0.004405,0.004405,0.004405
12,112,lang/java/mapred/src/main/java/org/apache/avro/mapreduce/AvroSequenceFileInputFormat.java,0.004338,0.004338,0.004338,0.004338,0.004338,0.004338,0.004405,0.004405,0.004405,0.004405,0.004405,0.004405
12,113,lang/java/avro/src/test/java/org/apache/avro/TestDataFileMeta.java,0.002169,0.002169,0.002169,0.002169,0.002169,0.002169,0.002203,0.002203,0.002203,0.002203,0.002203,0.002203
12,114,lang/java/ipc/src/test/java/org/apache/avro/TestProtocolGenericMeta.java,0.002169,0.002169,0.002169,0.002169,0.002169,0.002169,0.002203,0.002203,0.002203,0.002203,0.002203,0.002203
12,115,lang/java/avro/src/test/java/org/apache/avro/io/TestBlockingIO2.java,0.002169,0.002169,0.002169,0.002169,0.002169,0.002169,0.002203,0.002203,0.002203,0.002203,0.002203,0.002203
12,116,lang/java/mapred/src/test/java/org/apache/avro/mapred/TestSequenceFileReader.java,0.002169,0.002169,0.002169,0.002169,0.002169,0.002169,0.002203,0.002203,0.002203,0.002203,0.002203,0.002203
12,117,lang/java/trevni/avro/src/test/java/org/apache/trevni/avro/TestEvolvedSchema.java,0.002169,0.002169,0.002169,0.002169,0.002169,0.002169,0.002203,0.002203,0.002203,0.002203,0.002203,0.002203
12,118,lang/java/avro/src/test/java/org/apache/avro/GenerateBlockingData.java,0.002169,0.002169,0.002169,0.002169,0.002169,0.002169,0.002203,0.002203,0.002203,0.002203,0.002203,0.002203
12,119,lang/java/mapred/src/test/java/org/apache/avro/hadoop/io/TestAvroSequenceFile.java,0.002169,0.002169,0.002169,0.002169,0.002169,0.002169,0.002203,0.002203,0.002203,0.002203,0.002203,0.002203
12,120,lang/java/tools/src/test/java/org/apache/avro/tool/TestTextFileTools.java,0.002169,0.002169,0.002169,0.002169,0.002169,0.002169,0.002203,0.002203,0.002203,0.002203,0.002203,0.002203
12,121,lang/java/tools/src/test/java/org/apache/avro/tool/TestRpcReceiveAndSendTools.java,0.002169,0.002169,0.002169,0.002169,0.002169,0.002169,0.002203,0.002203,0.002203,0.002203,0.002203,0.002203
12,122,lang/java/avro/src/test/java/org/apache/avro/util/TestCaseFinder.java,0.002169,0.002169,0.002169,0.002169,0.002169,0.002169,0.002203,0.002203,0.002203,0.002203,0.002203,0.002203
12,123,lang/java/mapred/src/test/java/org/apache/avro/mapreduce/TestAvroKeyRecordReader.java,0.002169,0.002169,0.002169,0.002169,0.002169,0.002169,0.002203,0.002203,0.002203,0.002203,0.002203,0.002203
12,124,lang/java/ipc/src/test/java/org/apache/avro/ipc/stats/StatsPluginOverhead.java,0.002169,0.002169,0.002169,0.002169,0.002169,0.002169,0.002203,0.002203,0.002203,0.002203,0.002203,0.002203
12,125,lang/java/mapred/src/test/java/org/apache/avro/mapreduce/TestAvroKeyRecordWriter.java,0.002169,0.002169,0.002169,0.002169,0.002169,0.002169,0.002203,0.002203,0.002203,0.002203,0.002203,0.002203
12,126,lang/java/mapred/src/test/java/org/apache/avro/mapreduce/TestKeyValueWordCount.java,0.002169,0.002169,0.002169,0.002169,0.002169,0.002169,0.002203,0.002203,0.002203,0.002203,0.002203,0.002203
12,127,lang/java/mapred/src/test/java/org/apache/avro/mapred/tether/TestWordCountTether.java,0.002169,0.002169,0.002169,0.002169,0.002169,0.002169,0.002203,0.002203,0.002203,0.002203,0.002203,0.002203
12,128,lang/java/ipc/src/test/java/org/apache/avro/ipc/trace/TestSpanAggregation.java,0.002169,0.002169,0.002169,0.002169,0.002169,0.002169,0.002203,0.002203,0.002203,0.002203,0.002203,0.002203
12,129,lang/java/tools/src/test/java/org/apache/avro/tool/TestRpcProtocolTool.java,0.002169,0.002169,0.002169,0.002169,0.002169,0.002169,0.002203,0.002203,0.002203,0.002203,0.002203,0.002203
12,130,lang/java/ipc/src/test/java/org/apache/avro/ipc/TestNettyServerWithSSL.java,0.002169,0.002169,0.002169,0.002169,0.002169,0.002169,0.002203,0.002203,0.002203,0.002203,0.002203,0.002203
12,131,lang/java/avro/src/test/java/org/apache/avro/io/TestBlockingIO.java,0.002169,0.002169,0.002169,0.002169,0.002169,0.002169,0.002203,0.002203,0.002203,0.002203,0.002203,0.002203
12,132,lang/java/mapred/src/test/java/org/apache/avro/mapreduce/TestAvroKeyOutputFormat.java,0.002169,0.002169,0.002169,0.002169,0.002169,0.002169,0.002203,0.002203,0.002203,0.002203,0.002203,0.002203
12,133,lang/java/ipc/src/test/java/org/apache/avro/TestProtocolNetty.java,0.002169,0.002169,0.002169,0.002169,0.002169,0.002169,0.002203,0.002203,0.002203,0.002203,0.002203,0.002203
12,134,lang/java/avro/src/test/java/org/apache/avro/io/TestJsonDecoder.java,0.002169,0.002169,0.002169,0.002169,0.002169,0.002169,0.002203,0.002203,0.002203,0.002203,0.002203,0.002203
12,135,lang/java/tools/src/test/java/org/apache/avro/tool/TestRecodecTool.java,0.002169,0.002169,0.002169,0.002169,0.002169,0.002169,0.002203,0.002203,0.002203,0.002203,0.002203,0.002203
12,136,lang/java/ipc/src/test/java/org/apache/avro/ipc/TestNettyTransceiverWhenServerStops.java,0.002169,0.002169,0.002169,0.002169,0.002169,0.002169,0.002203,0.002203,0.002203,0.002203,0.002203,0.002203
12,137,lang/java/mapred/src/test/java/org/apache/avro/hadoop/io/TestAvroSerialization.java,0.002169,0.002169,0.002169,0.002169,0.002169,0.002169,0.002203,0.002203,0.002203,0.002203,0.002203,0.002203
12,138,lang/java/avro/src/test/java/org/apache/avro/io/TestEncoders.java,0.002169,0.002169,0.002169,0.002169,0.002169,0.002169,0.002203,0.002203,0.002203,0.002203,0.002203,0.002203
13,0,lang/java/thrift/src/test/java/org/apache/avro/thrift/test/Foo.java,0.002169,0.002169,0.002169,0.002169,0.002169,0.002169,0.000000,0.000000,0.000000,0.000000,0.000000,0.000000
13,1,lang/java/thrift/src/test/java/org/apache/avro/thrift/test/Error.java,0.002169,0.002169,0.002169,0.002169,0.002169,0.002169,0.000000,0.000000,0.000000,0.000000,0.000000,0.000000
13,2,lang/java/archetypes/avro-service-archetype/src/main/resources/archetype-resources/src/test/java/integration/SimpleOrderServiceIntegrationTest.java,0.002169,0.002169,0.002169,0.002169,0.002169,0.002169,0.000000,0.000000,0.000000,0.000000,0.000000,0.000000
13,3,lang/java/archetypes/avro-service-archetype/src/main/resources/archetype-resources/src/main/java/transport/SimpleOrderServiceEndpoint.java,0.002169,0.002169,0.002169,0.002169,0.002169,0.002169,0.000000,0.000000,0.000000,0.000000,0.000000,0.000000
13,4,lang/java/archetypes/avro-service-archetype/src/main/resources/archetype-resources/src/main/java/transport/SimpleOrderServiceClient.java,0.002169,0.002169,0.002169,0.002169,0.002169,0.002169,0.000000,0.000000,0.000000,0.000000,0.000000,0.000000
13,5,lang/java/archetypes/avro-service-archetype/src/main/resources/archetype-resources/src/main/java/service/SimpleOrderService.java,0.002169,0.002169,0.002169,0.002169,0.002169,0.002169,0.000000,0.000000,0.000000,0.000000,0.000000,0.000000
13,6,lang/java/avro/src/test/java/NoPackage.java,0.002169,0.002169,0.002169,0.002169,0.002169,0.002169,0.000000,0.000000,0.000000,0.000000,0.000000,0.000000
 , ,461.000000,0.852818,1.000000,0.900113,0.799192,0.940513,0.862647,0.838214,1.000000,0.898573,0.793990,0.938375,0.859747
